Variedad,Viñedo,Día desde 15/01,Brix,pH,Ac Total,Días hasta cosecha,Fecha_Cosecha,tavg_7d,tmin_7d,tmax_7d,prcp_7d,wspd_7d,pres_7d
Syrah,Agrelo,15,14.13,3.21,10.06,39,2022-01-30,23.1,17.6,25.71,11.26,7.47,1012.43
Syrah,Agrelo,20,15.12,3.08,9.63,34,2022-02-04,23.56,17.06,26.06,1.36,6.83,1010.57
Syrah,Agrelo,25,16.68,3.19,9.25,29,2022-02-09,20.99,14.74,23.64,1.94,7.39,1014.64
Syrah,Agrelo,30,17.7,3.28,8.54,24,2022-02-14,21.71,14.17,25.24,1.29,9.24,1013.54
Syrah,Agrelo,35,18.81,3.32,8.18,19,2022-02-19,22.64,14.53,27.07,0.21,7.29,1013.14
Syrah,Agrelo,40,19.99,3.38,7.55,14,2022-02-24,20.4,14.51,23.56,1.73,8.33,1012.39
Syrah,Agrelo,45,22.23,3.41,6.84,9,2022-03-01,20.19,14.0,22.93,1.4,7.23,1012.41
Syrah,Agrelo,54,23.92,3.36,6.78,0,2022-03-10,21.8,15.99,25.11,1.36,8.04,1010.34
Cabernet,Agrelo,15,13.86,3.15,9.96,33,2022-01-30,23.1,17.6,25.71,11.26,7.47,1012.43
Cabernet,Agrelo,20,15.83,3.2,9.62,28,2022-02-04,23.56,17.06,26.06,1.36,6.83,1010.57
Cabernet,Agrelo,25,16.66,3.32,9.71,23,2022-02-09,20.99,14.74,23.64,1.94,7.39,1014.64
Cabernet,Agrelo,30,19.35,3.32,8.51,18,2022-02-14,21.71,14.17,25.24,1.29,9.24,1013.54
Cabernet,Agrelo,35,19.7,3.29,7.86,13,2022-02-19,22.64,14.53,27.07,0.21,7.29,1013.14
Cabernet,Agrelo,40,21.4,3.35,6.74,8,2022-02-24,20.4,14.51,23.56,1.73,8.33,1012.39
Cabernet,Agrelo,48,22.56,3.48,6.55,0,2022-03-03,21.77,14.33,25.31,0.57,7.14,1011.81
Syrah,Drummond,15,15.11,3.2,10.05,30,2022-01-30,23.6,18.1,26.21,11.26,7.47,1012.43
Syrah,Drummond,20,16.55,3.23,9.28,25,2022-02-04,24.06,17.56,26.56,1.36,6.83,1010.57
Syrah,Drummond,25,18.36,3.27,8.44,20,2022-02-09,21.49,15.24,24.14,1.94,7.39,1014.64
Syrah,Drummond,30,19.94,3.4,7.53,15,2022-02-14,22.21,14.67,25.74,1.29,9.24,1013.54
Syrah,Drummond,35,21.21,3.29,7.65,10,2022-02-19,23.14,15.03,27.57,0.21,7.29,1013.14
Syrah,Drummond,40,21.98,3.48,6.48,5,2022-02-24,20.9,15.01,24.06,1.73,8.33,1012.39
Syrah,Drummond,45,24.17,3.43,5.92,0,2022-03-01,20.69,14.5,23.43,1.4,7.23,1012.41
Syrah,Agrelo,15,15.12,3.17,9.84,30,2022-01-30,23.1,17.6,25.71,11.26,7.47,1012.43
Syrah,Agrelo,20,15.47,3.18,9.56,25,2022-02-04,23.56,17.06,26.06,1.36,6.83,1010.57
Syrah,Agrelo,25,17.67,3.26,8.82,20,2022-02-09,20.99,14.74,23.64,1.94,7.39,1014.64
Syrah,Agrelo,30,19.91,3.35,8.09,15,2022-02-14,21.71,14.17,25.24,1.29,9.24,1013.54
Syrah,Agrelo,35,21.57,3.4,7.24,10,2022-02-19,22.64,14.53,27.07,0.21,7.29,1013.14
Syrah,Agrelo,40,22.78,3.43,6.56,5,2022-02-24,20.4,14.51,23.56,1.73,8.33,1012.39
Syrah,Agrelo,45,24.7,3.57,6.67,0,2022-03-01,20.19,14.0,22.93,1.4,7.23,1012.41
Malbec,Agrelo,15,15.06,3.2,9.86,28,2022-01-30,23.1,17.6,25.71,11.26,7.47,1012.43
Malbec,Agrelo,20,16.62,3.13,8.93,23,2022-02-04,23.56,17.06,26.06,1.36,6.83,1010.57
Malbec,Agrelo,25,18.84,3.29,8.01,18,2022-02-09,20.99,14.74,23.64,1.94,7.39,1014.64
Malbec,Agrelo,30,19.23,3.3,7.84,13,2022-02-14,21.71,14.17,25.24,1.29,9.24,1013.54
Malbec,Agrelo,35,21.18,3.37,7.12,8,2022-02-19,22.64,14.53,27.07,0.21,7.29,1013.14
Malbec,Agrelo,43,25.25,3.65,4.84,0,2022-02-27,19.11,13.16,21.9,2.24,7.71,1012.7
Cabernet,San Carlos,15,12.97,3.05,10.44,51,2022-01-30,20.93,16.46,27.56,8.99,6.97,1012.51
Cabernet,San Carlos,20,14.17,3.22,10.17,46,2022-02-04,21.07,15.74,28.04,1.34,7.84,1010.5
Cabernet,San Carlos,25,15.41,3.22,9.89,41,2022-02-09,18.74,13.61,25.41,3.61,7.51,1014.54
Cabernet,San Carlos,30,16.38,3.17,9.51,36,2022-02-14,19.54,13.5,26.81,1.93,8.59,1013.51
Cabernet,San Carlos,35,17.64,3.21,8.61,31,2022-02-19,21.1,14.33,28.01,0.03,8.16,1013.06
Cabernet,San Carlos,40,18.93,3.33,8.15,26,2022-02-24,18.69,14.66,23.7,7.73,7.54,1012.6
Cabernet,San Carlos,45,19.41,3.33,8.09,21,2022-03-01,17.3,12.6,22.71,3.99,7.09,1012.56
Cabernet,San Carlos,50,21.23,3.38,7.81,16,2022-03-06,19.79,14.31,25.47,2.59,7.91,1011.53
Cabernet,San Carlos,55,22.1,3.43,6.57,11,2022-03-11,18.24,13.04,23.96,2.13,8.04,1011.73
Cabernet,San Carlos,60,22.21,3.49,6.03,6,2022-03-16,18.23,12.46,24.17,0.2,7.53,1016.4
Cabernet,San Carlos,66,23.85,3.54,6.14,0,2022-03-22,17.56,12.06,23.74,0.01,7.31,1013.96
Syrah,Agrelo,15,14.78,3.18,10.04,33,2022-01-30,23.1,17.6,25.71,11.26,7.47,1012.43
Syrah,Agrelo,20,16.37,3.25,10.04,28,2022-02-04,23.56,17.06,26.06,1.36,6.83,1010.57
Syrah,Agrelo,25,17.58,3.25,8.83,23,2022-02-09,20.99,14.74,23.64,1.94,7.39,1014.64
Syrah,Agrelo,30,17.78,3.32,8.25,18,2022-02-14,21.71,14.17,25.24,1.29,9.24,1013.54
Syrah,Agrelo,35,19.54,3.36,8.03,13,2022-02-19,22.64,14.53,27.07,0.21,7.29,1013.14
Syrah,Agrelo,40,21.3,3.37,7.33,8,2022-02-24,20.4,14.51,23.56,1.73,8.33,1012.39
Syrah,Agrelo,48,24.7,3.57,6.67,0,2022-03-04,22.84,15.4,26.59,0.04,6.84,1011.21
Cabernet,San Carlos,15,13.54,3.13,10.88,51,2022-01-30,20.93,16.46,27.56,8.99,6.97,1012.51
Cabernet,San Carlos,20,14.25,3.22,10.1,46,2022-02-04,21.07,15.74,28.04,1.34,7.84,1010.5
Cabernet,San Carlos,25,16.66,3.22,9.47,41,2022-02-09,18.74,13.61,25.41,3.61,7.51,1014.54
Cabernet,San Carlos,30,15.83,3.25,9.21,36,2022-02-14,19.54,13.5,26.81,1.93,8.59,1013.51
Cabernet,San Carlos,35,17.78,3.29,8.8,31,2022-02-19,21.1,14.33,28.01,0.03,8.16,1013.06
Cabernet,San Carlos,40,18.06,3.23,8.23,26,2022-02-24,18.69,14.66,23.7,7.73,7.54,1012.6
Cabernet,San Carlos,45,19.97,3.35,7.54,21,2022-03-01,17.3,12.6,22.71,3.99,7.09,1012.56
Cabernet,San Carlos,50,20.69,3.4,7.19,16,2022-03-06,19.79,14.31,25.47,2.59,7.91,1011.53
Cabernet,San Carlos,55,21.74,3.42,6.66,11,2022-03-11,18.24,13.04,23.96,2.13,8.04,1011.73
Cabernet,San Carlos,60,22.91,3.48,6.87,6,2022-03-16,18.23,12.46,24.17,0.2,7.53,1016.4
Cabernet,San Carlos,66,24.31,3.42,5.81,0,2022-03-22,17.56,12.06,23.74,0.01,7.31,1013.96
Syrah,San Carlos,15,14.22,3.33,10.47,38,2022-01-30,20.93,16.46,27.56,8.99,6.97,1012.51
Syrah,San Carlos,20,15.85,3.24,9.93,33,2022-02-04,21.07,15.74,28.04,1.34,7.84,1010.5
Syrah,San Carlos,25,16.45,3.27,8.94,28,2022-02-09,18.74,13.61,25.41,3.61,7.51,1014.54
Syrah,San Carlos,30,17.81,3.26,8.63,23,2022-02-14,19.54,13.5,26.81,1.93,8.59,1013.51
Syrah,San Carlos,35,20.4,3.24,8.24,18,2022-02-19,21.1,14.33,28.01,0.03,8.16,1013.06
Syrah,San Carlos,40,19.76,3.35,7.8,13,2022-02-24,18.69,14.66,23.7,7.73,7.54,1012.6
Syrah,San Carlos,45,21.92,3.37,6.69,8,2022-03-01,17.3,12.6,22.71,3.99,7.09,1012.56
Syrah,San Carlos,53,23.55,3.44,6.4,0,2022-03-09,19.21,13.63,25.27,2.4,7.87,1010.31
Malbec,San Carlos,15,13.86,3.16,10.64,51,2022-01-30,20.93,16.46,27.56,8.99,6.97,1012.51
Malbec,San Carlos,20,14.46,3.2,9.99,46,2022-02-04,21.07,15.74,28.04,1.34,7.84,1010.5
Malbec,San Carlos,25,15.08,3.11,9.5,41,2022-02-09,18.74,13.61,25.41,3.61,7.51,1014.54
Malbec,San Carlos,30,17.19,3.21,9.18,36,2022-02-14,19.54,13.5,26.81,1.93,8.59,1013.51
Malbec,San Carlos,35,17.58,3.18,9.1,31,2022-02-19,21.1,14.33,28.01,0.03,8.16,1013.06
Malbec,San Carlos,40,19.12,3.32,8.86,26,2022-02-24,18.69,14.66,23.7,7.73,7.54,1012.6
Malbec,San Carlos,45,18.88,3.43,7.69,21,2022-03-01,17.3,12.6,22.71,3.99,7.09,1012.56
Malbec,San Carlos,50,19.97,3.37,8.02,16,2022-03-06,19.79,14.31,25.47,2.59,7.91,1011.53
Malbec,San Carlos,55,21.66,3.37,6.61,11,2022-03-11,18.24,13.04,23.96,2.13,8.04,1011.73
Malbec,San Carlos,60,22.67,3.35,6.16,6,2022-03-16,18.23,12.46,24.17,0.2,7.53,1016.4
Malbec,San Carlos,66,25.57,3.84,3.67,0,2022-03-22,17.56,12.06,23.74,0.01,7.31,1013.96
Cabernet,Drummond,15,13.33,3.22,10.6,44,2022-01-30,23.6,18.1,26.21,11.26,7.47,1012.43
Cabernet,Drummond,20,15.03,3.18,10.32,39,2022-02-04,24.06,17.56,26.56,1.36,6.83,1010.57
Cabernet,Drummond,25,16.2,3.25,10.0,34,2022-02-09,21.49,15.24,24.14,1.94,7.39,1014.64
Cabernet,Drummond,30,17.23,3.24,9.08,29,2022-02-14,22.21,14.67,25.74,1.29,9.24,1013.54
Cabernet,Drummond,35,18.87,3.32,8.76,24,2022-02-19,23.14,15.03,27.57,0.21,7.29,1013.14
Cabernet,Drummond,40,19.16,3.3,7.77,19,2022-02-24,20.9,15.01,24.06,1.73,8.33,1012.39
Cabernet,Drummond,45,20.04,3.39,7.29,14,2022-03-01,20.69,14.5,23.43,1.4,7.23,1012.41
Cabernet,Drummond,50,22.48,3.36,7.38,9,2022-03-06,23.5,17.36,26.66,0.6,7.94,1011.17
Cabernet,Drummond,59,22.56,3.4,6.16,0,2022-03-15,20.53,13.51,25.23,0.0,7.79,1015.36
Syrah,San Carlos,15,14.27,3.15,10.61,40,2022-01-30,20.93,16.46,27.56,8.99,6.97,1012.51
Syrah,San Carlos,20,15.41,3.14,9.65,35,2022-02-04,21.07,15.74,28.04,1.34,7.84,1010.5
Syrah,San Carlos,25,16.74,3.26,9.27,30,2022-02-09,18.74,13.61,25.41,3.61,7.51,1014.54
Syrah,San Carlos,30,17.7,3.34,8.55,25,2022-02-14,19.54,13.5,26.81,1.93,8.59,1013.51
Syrah,San Carlos,35,19.18,3.31,8.12,20,2022-02-19,21.1,14.33,28.01,0.03,8.16,1013.06
Syrah,San Carlos,40,20.73,3.4,7.88,15,2022-02-24,18.69,14.66,23.7,7.73,7.54,1012.6
Syrah,San Carlos,45,22.11,3.41,7.3,10,2022-03-01,17.3,12.6,22.71,3.99,7.09,1012.56
Syrah,San Carlos,50,22.57,3.47,6.51,5,2022-03-06,19.79,14.31,25.47,2.59,7.91,1011.53
Syrah,San Carlos,55,24.05,3.53,5.75,0,2022-03-11,18.24,13.04,23.96,2.13,8.04,1011.73
Syrah,Agrelo,15,15.93,3.16,9.98,28,2022-01-30,23.1,17.6,25.71,11.26,7.47,1012.43
Syrah,Agrelo,20,16.67,3.32,9.48,23,2022-02-04,23.56,17.06,26.06,1.36,6.83,1010.57
Syrah,Agrelo,25,18.39,3.29,8.53,18,2022-02-09,20.99,14.74,23.64,1.94,7.39,1014.64
Syrah,Agrelo,30,19.05,3.33,8.08,13,2022-02-14,21.71,14.17,25.24,1.29,9.24,1013.54
Syrah,Agrelo,35,21.28,3.41,6.76,8,2022-02-19,22.64,14.53,27.07,0.21,7.29,1013.14
Syrah,Agrelo,43,24.7,3.57,6.67,0,2022-02-27,19.11,13.16,21.9,2.24,7.71,1012.7
Malbec,San Carlos,15,13.24,3.13,11.01,48,2022-01-30,20.93,16.46,27.56,8.99,6.97,1012.51
Malbec,San Carlos,20,14.87,3.15,10.09,43,2022-02-04,21.07,15.74,28.04,1.34,7.84,1010.5
Malbec,San Carlos,25,15.05,3.2,9.53,38,2022-02-09,18.74,13.61,25.41,3.61,7.51,1014.54
Malbec,San Carlos,30,16.83,3.2,9.3,33,2022-02-14,19.54,13.5,26.81,1.93,8.59,1013.51
Malbec,San Carlos,35,18.54,3.27,8.79,28,2022-02-19,21.1,14.33,28.01,0.03,8.16,1013.06
Malbec,San Carlos,40,19.23,3.3,8.26,23,2022-02-24,18.69,14.66,23.7,7.73,7.54,1012.6
Malbec,San Carlos,45,20.01,3.36,7.48,18,2022-03-01,17.3,12.6,22.71,3.99,7.09,1012.56
Malbec,San Carlos,50,21.12,3.42,7.67,13,2022-03-06,19.79,14.31,25.47,2.59,7.91,1011.53
Malbec,San Carlos,55,22.7,3.54,6.53,8,2022-03-11,18.24,13.04,23.96,2.13,8.04,1011.73
Malbec,San Carlos,63,25.57,3.84,3.67,0,2022-03-19,18.99,13.19,25.21,0.21,7.41,1014.54
Cabernet,San Carlos,15,12.78,3.08,10.68,51,2022-01-30,20.93,16.46,27.56,8.99,6.97,1012.51
Cabernet,San Carlos,20,14.41,3.25,10.47,46,2022-02-04,21.07,15.74,28.04,1.34,7.84,1010.5
Cabernet,San Carlos,25,15.01,3.14,9.87,41,2022-02-09,18.74,13.61,25.41,3.61,7.51,1014.54
Cabernet,San Carlos,30,15.7,3.32,9.63,36,2022-02-14,19.54,13.5,26.81,1.93,8.59,1013.51
Cabernet,San Carlos,35,17.19,3.18,9.22,31,2022-02-19,21.1,14.33,28.01,0.03,8.16,1013.06
Cabernet,San Carlos,40,18.43,3.36,7.89,26,2022-02-24,18.69,14.66,23.7,7.73,7.54,1012.6
Cabernet,San Carlos,45,19.25,3.34,7.92,21,2022-03-01,17.3,12.6,22.71,3.99,7.09,1012.56
Cabernet,San Carlos,50,20.38,3.41,7.13,16,2022-03-06,19.79,14.31,25.47,2.59,7.91,1011.53
Cabernet,San Carlos,55,21.6,3.42,7.15,11,2022-03-11,18.24,13.04,23.96,2.13,8.04,1011.73
Cabernet,San Carlos,60,23.08,3.4,6.09,6,2022-03-16,18.23,12.46,24.17,0.2,7.53,1016.4
Cabernet,San Carlos,66,24.43,3.51,5.87,0,2022-03-22,17.56,12.06,23.74,0.01,7.31,1013.96
Cabernet,San Carlos,15,13.75,3.09,10.72,49,2022-01-30,20.93,16.46,27.56,8.99,6.97,1012.51
Cabernet,San Carlos,20,15.05,3.03,9.93,44,2022-02-04,21.07,15.74,28.04,1.34,7.84,1010.5
Cabernet,San Carlos,25,15.77,3.26,9.72,39,2022-02-09,18.74,13.61,25.41,3.61,7.51,1014.54
Cabernet,San Carlos,30,16.59,3.31,9.57,34,2022-02-14,19.54,13.5,26.81,1.93,8.59,1013.51
Cabernet,San Carlos,35,17.22,3.28,8.83,29,2022-02-19,21.1,14.33,28.01,0.03,8.16,1013.06
Cabernet,San Carlos,40,19.61,3.36,8.22,24,2022-02-24,18.69,14.66,23.7,7.73,7.54,1012.6
Cabernet,San Carlos,45,19.95,3.26,8.07,19,2022-03-01,17.3,12.6,22.71,3.99,7.09,1012.56
Cabernet,San Carlos,50,21.26,3.45,7.27,14,2022-03-06,19.79,14.31,25.47,2.59,7.91,1011.53
Cabernet,San Carlos,55,22.1,3.41,6.5,9,2022-03-11,18.24,13.04,23.96,2.13,8.04,1011.73
Cabernet,San Carlos,64,22.82,3.38,6.65,0,2022-03-20,18.63,12.99,24.8,0.21,7.64,1014.99
Syrah,Agrelo,15,13.68,3.24,9.77,31,2022-01-30,23.1,17.6,25.71,11.26,7.47,1012.43
Syrah,Agrelo,20,16.37,3.18,9.89,26,2022-02-04,23.56,17.06,26.06,1.36,6.83,1010.57
Syrah,Agrelo,25,17.63,3.33,8.76,21,2022-02-09,20.99,14.74,23.64,1.94,7.39,1014.64
Syrah,Agrelo,30,19.31,3.36,7.93,16,2022-02-14,21.71,14.17,25.24,1.29,9.24,1013.54
Syrah,Agrelo,35,20.01,3.32,7.45,11,2022-02-19,22.64,14.53,27.07,0.21,7.29,1013.14
Syrah,Agrelo,40,21.93,3.33,6.94,6,2022-02-24,20.4,14.51,23.56,1.73,8.33,1012.39
Syrah,Agrelo,46,24.7,3.57,6.67,0,2022-03-02,21.1,14.29,24.41,1.09,7.1,1011.53
Cabernet,Drummond,15,12.94,3.1,10.23,47,2022-01-30,23.6,18.1,26.21,11.26,7.47,1012.43
Cabernet,Drummond,20,14.61,3.12,10.07,42,2022-02-04,24.06,17.56,26.56,1.36,6.83,1010.57
Cabernet,Drummond,25,15.8,3.2,9.6,37,2022-02-09,21.49,15.24,24.14,1.94,7.39,1014.64
Cabernet,Drummond,30,16.87,3.32,9.02,32,2022-02-14,22.21,14.67,25.74,1.29,9.24,1013.54
Cabernet,Drummond,35,17.97,3.33,8.75,27,2022-02-19,23.14,15.03,27.57,0.21,7.29,1013.14
Cabernet,Drummond,40,18.85,3.37,7.87,22,2022-02-24,20.9,15.01,24.06,1.73,8.33,1012.39
Cabernet,Drummond,45,20.05,3.32,7.82,17,2022-03-01,20.69,14.5,23.43,1.4,7.23,1012.41
Cabernet,Drummond,50,21.89,3.41,7.18,12,2022-03-06,23.5,17.36,26.66,0.6,7.94,1011.17
Cabernet,Drummond,55,21.98,3.41,6.32,7,2022-03-11,21.31,15.49,24.7,1.36,8.19,1011.53
Cabernet,Drummond,62,22.46,3.46,6.1,0,2022-03-18,21.83,15.07,26.4,0.0,8.13,1014.43
Syrah,San Carlos,15,15.2,3.05,10.56,36,2022-01-30,20.93,16.46,27.56,8.99,6.97,1012.51
Syrah,San Carlos,20,15.85,3.18,9.22,31,2022-02-04,21.07,15.74,28.04,1.34,7.84,1010.5
Syrah,San Carlos,25,17.16,3.14,9.05,26,2022-02-09,18.74,13.61,25.41,3.61,7.51,1014.54
Syrah,San Carlos,30,17.93,3.23,8.83,21,2022-02-14,19.54,13.5,26.81,1.93,8.59,1013.51
Syrah,San Carlos,35,19.59,3.35,8.15,16,2022-02-19,21.1,14.33,28.01,0.03,8.16,1013.06
Syrah,San Carlos,40,20.98,3.41,7.54,11,2022-02-24,18.69,14.66,23.7,7.73,7.54,1012.6
Syrah,San Carlos,45,22.64,3.46,7.24,6,2022-03-01,17.3,12.6,22.71,3.99,7.09,1012.56
Syrah,San Carlos,51,24.35,3.49,5.84,0,2022-03-07,19.37,13.87,25.2,2.43,7.66,1011.26
Malbec,Drummond,15,14.99,3.09,10.24,30,2022-01-30,23.6,18.1,26.21,11.26,7.47,1012.43
Malbec,Drummond,20,15.65,3.24,10.17,25,2022-02-04,24.06,17.56,26.56,1.36,6.83,1010.57
Malbec,Drummond,25,16.97,3.27,8.54,20,2022-02-09,21.49,15.24,24.14,1.94,7.39,1014.64
Malbec,Drummond,30,19.03,3.37,8.33,15,2022-02-14,22.21,14.67,25.74,1.29,9.24,1013.54
Malbec,Drummond,35,21.27,3.35,8.06,10,2022-02-19,23.14,15.03,27.57,0.21,7.29,1013.14
Malbec,Drummond,40,21.56,3.39,6.72,5,2022-02-24,20.9,15.01,24.06,1.73,8.33,1012.39
Malbec,Drummond,45,23.76,3.77,3.99,0,2022-03-01,20.69,14.5,23.43,1.4,7.23,1012.41
Malbec,Drummond,15,14.34,3.17,10.17,38,2022-01-30,23.6,18.1,26.21,11.26,7.47,1012.43
Malbec,Drummond,20,15.51,3.22,9.35,33,2022-02-04,24.06,17.56,26.56,1.36,6.83,1010.57
Malbec,Drummond,25,16.47,3.27,9.68,28,2022-02-09,21.49,15.24,24.14,1.94,7.39,1014.64
Malbec,Drummond,30,18.34,3.37,8.48,23,2022-02-14,22.21,14.67,25.74,1.29,9.24,1013.54
Malbec,Drummond,35,19.37,3.37,7.34,18,2022-02-19,23.14,15.03,27.57,0.21,7.29,1013.14
Malbec,Drummond,40,21.32,3.28,7.77,13,2022-02-24,20.9,15.01,24.06,1.73,8.33,1012.39
Malbec,Drummond,45,22.23,3.31,6.22,8,2022-03-01,20.69,14.5,23.43,1.4,7.23,1012.41
Malbec,Drummond,53,23.76,3.77,3.99,0,2022-03-09,22.61,16.59,25.97,1.36,7.1,1010.11
Cabernet,Drummond,15,13.94,3.11,10.92,53,2022-01-30,23.6,18.1,26.21,11.26,7.47,1012.43
Cabernet,Drummond,20,14.62,3.12,10.35,48,2022-02-04,24.06,17.56,26.56,1.36,6.83,1010.57
Cabernet,Drummond,25,15.48,3.14,10.29,43,2022-02-09,21.49,15.24,24.14,1.94,7.39,1014.64
Cabernet,Drummond,30,16.16,3.22,9.07,38,2022-02-14,22.21,14.67,25.74,1.29,9.24,1013.54
Cabernet,Drummond,35,16.82,3.15,8.93,33,2022-02-19,23.14,15.03,27.57,0.21,7.29,1013.14
Cabernet,Drummond,40,19.49,3.24,9.36,28,2022-02-24,20.9,15.01,24.06,1.73,8.33,1012.39
Cabernet,Drummond,45,19.97,3.31,8.04,23,2022-03-01,20.69,14.5,23.43,1.4,7.23,1012.41
Cabernet,Drummond,50,20.23,3.45,7.74,18,2022-03-06,23.5,17.36,26.66,0.6,7.94,1011.17
Cabernet,Drummond,55,21.91,3.42,7.11,13,2022-03-11,21.31,15.49,24.7,1.36,8.19,1011.53
Cabernet,Drummond,60,22.52,3.42,6.27,8,2022-03-16,20.79,13.77,25.33,0.0,7.9,1016.21
Cabernet,Drummond,68,23.79,3.4,6.18,0,2022-03-24,19.59,12.76,23.26,0.09,7.97,1012.84
Syrah,Agrelo,15,14.07,3.11,10.3,34,2022-01-30,23.1,17.6,25.71,11.26,7.47,1012.43
Syrah,Agrelo,20,16.66,3.27,10.03,29,2022-02-04,23.56,17.06,26.06,1.36,6.83,1010.57
Syrah,Agrelo,25,16.89,3.21,8.9,24,2022-02-09,20.99,14.74,23.64,1.94,7.39,1014.64
Syrah,Agrelo,30,18.6,3.36,7.82,19,2022-02-14,21.71,14.17,25.24,1.29,9.24,1013.54
Syrah,Agrelo,35,20.76,3.35,7.59,14,2022-02-19,22.64,14.53,27.07,0.21,7.29,1013.14
Syrah,Agrelo,40,20.92,3.33,7.35,9,2022-02-24,20.4,14.51,23.56,1.73,8.33,1012.39
Syrah,Agrelo,49,22.89,3.39,6.1,0,2022-03-05,23.37,16.31,27.21,0.23,7.13,1010.76
Cabernet,Drummond,15,14.27,3.07,10.58,37,2022-01-30,23.6,18.1,26.21,11.26,7.47,1012.43
Cabernet,Drummond,20,15.04,3.15,9.48,32,2022-02-04,24.06,17.56,26.56,1.36,6.83,1010.57
Cabernet,Drummond,25,16.77,3.17,9.1,27,2022-02-09,21.49,15.24,24.14,1.94,7.39,1014.64
Cabernet,Drummond,30,18.29,3.34,8.59,22,2022-02-14,22.21,14.67,25.74,1.29,9.24,1013.54
Cabernet,Drummond,35,18.75,3.34,7.64,17,2022-02-19,23.14,15.03,27.57,0.21,7.29,1013.14
Cabernet,Drummond,40,20.21,3.32,6.81,12,2022-02-24,20.9,15.01,24.06,1.73,8.33,1012.39
Cabernet,Drummond,45,21.83,3.49,7.48,7,2022-03-01,20.69,14.5,23.43,1.4,7.23,1012.41
Cabernet,Drummond,52,23.17,3.54,6.11,0,2022-03-08,22.74,16.77,26.4,1.36,7.24,1010.4
Syrah,San Carlos,15,13.94,3.23,9.9,40,2022-01-30,20.93,16.46,27.56,8.99,6.97,1012.51
Syrah,San Carlos,20,16.49,3.26,9.81,35,2022-02-04,21.07,15.74,28.04,1.34,7.84,1010.5
Syrah,San Carlos,25,16.21,3.19,9.31,30,2022-02-09,18.74,13.61,25.41,3.61,7.51,1014.54
Syrah,San Carlos,30,17.54,3.3,8.64,25,2022-02-14,19.54,13.5,26.81,1.93,8.59,1013.51
Syrah,San Carlos,35,19.62,3.32,8.1,20,2022-02-19,21.1,14.33,28.01,0.03,8.16,1013.06
Syrah,San Carlos,40,20.69,3.28,7.74,15,2022-02-24,18.69,14.66,23.7,7.73,7.54,1012.6
Syrah,San Carlos,45,21.47,3.34,6.58,10,2022-03-01,17.3,12.6,22.71,3.99,7.09,1012.56
Syrah,San Carlos,50,23.23,3.5,6.6,5,2022-03-06,19.79,14.31,25.47,2.59,7.91,1011.53
Syrah,San Carlos,55,24.86,3.52,6.37,0,2022-03-11,18.24,13.04,23.96,2.13,8.04,1011.73
Malbec,San Carlos,15,13.77,3.16,10.38,44,2022-01-30,20.93,16.46,27.56,8.99,6.97,1012.51
Malbec,San Carlos,20,14.91,3.11,10.24,39,2022-02-04,21.07,15.74,28.04,1.34,7.84,1010.5
Malbec,San Carlos,25,15.84,3.19,9.77,34,2022-02-09,18.74,13.61,25.41,3.61,7.51,1014.54
Malbec,San Carlos,30,16.77,3.18,8.48,29,2022-02-14,19.54,13.5,26.81,1.93,8.59,1013.51
Malbec,San Carlos,35,18.61,3.23,8.97,24,2022-02-19,21.1,14.33,28.01,0.03,8.16,1013.06
Malbec,San Carlos,40,18.45,3.42,8.0,19,2022-02-24,18.69,14.66,23.7,7.73,7.54,1012.6
Malbec,San Carlos,45,20.63,3.35,7.54,14,2022-03-01,17.3,12.6,22.71,3.99,7.09,1012.56
Malbec,San Carlos,50,21.85,3.48,6.95,9,2022-03-06,19.79,14.31,25.47,2.59,7.91,1011.53
Malbec,San Carlos,59,23.13,3.45,6.39,0,2022-03-15,18.0,11.97,24.09,0.2,7.26,1015.56
Cabernet,Agrelo,15,13.14,3.11,10.06,40,2022-01-30,23.1,17.6,25.71,11.26,7.47,1012.43
Cabernet,Agrelo,20,16.02,3.24,10.16,35,2022-02-04,23.56,17.06,26.06,1.36,6.83,1010.57
Cabernet,Agrelo,25,16.42,3.29,9.27,30,2022-02-09,20.99,14.74,23.64,1.94,7.39,1014.64
Cabernet,Agrelo,30,18.32,3.27,8.52,25,2022-02-14,21.71,14.17,25.24,1.29,9.24,1013.54
Cabernet,Agrelo,35,19.81,3.32,7.91,20,2022-02-19,22.64,14.53,27.07,0.21,7.29,1013.14
Cabernet,Agrelo,40,19.73,3.32,7.89,15,2022-02-24,20.4,14.51,23.56,1.73,8.33,1012.39
Cabernet,Agrelo,45,21.41,3.52,7.45,10,2022-03-01,20.19,14.0,22.93,1.4,7.23,1012.41
Cabernet,Agrelo,50,22.86,3.52,6.4,5,2022-03-06,23.0,16.86,26.16,0.6,7.94,1011.17
Cabernet,Agrelo,55,23.07,3.45,6.04,0,2022-03-11,20.81,14.99,24.2,1.36,8.19,1011.53
Malbec,Agrelo,15,14.17,3.19,10.13,34,2022-01-30,23.1,17.6,25.71,11.26,7.47,1012.43
Malbec,Agrelo,20,16.09,3.28,9.51,29,2022-02-04,23.56,17.06,26.06,1.36,6.83,1010.57
Malbec,Agrelo,25,17.42,3.17,8.9,24,2022-02-09,20.99,14.74,23.64,1.94,7.39,1014.64
Malbec,Agrelo,30,17.96,3.31,8.4,19,2022-02-14,21.71,14.17,25.24,1.29,9.24,1013.54
Malbec,Agrelo,35,20.12,3.33,8.4,14,2022-02-19,22.64,14.53,27.07,0.21,7.29,1013.14
Malbec,Agrelo,40,20.79,3.34,7.6,9,2022-02-24,20.4,14.51,23.56,1.73,8.33,1012.39
Malbec,Agrelo,49,22.51,3.41,7.18,0,2022-03-05,23.37,16.31,27.21,0.23,7.13,1010.76
Syrah,Drummond,15,14.88,3.21,10.23,31,2022-01-30,23.6,18.1,26.21,11.26,7.47,1012.43
Syrah,Drummond,20,15.3,3.18,9.32,26,2022-02-04,24.06,17.56,26.56,1.36,6.83,1010.57
Syrah,Drummond,25,17.57,3.3,8.79,21,2022-02-09,21.49,15.24,24.14,1.94,7.39,1014.64
Syrah,Drummond,30,18.46,3.35,8.27,16,2022-02-14,22.21,14.67,25.74,1.29,9.24,1013.54
Syrah,Drummond,35,20.93,3.43,7.68,11,2022-02-19,23.14,15.03,27.57,0.21,7.29,1013.14
Syrah,Drummond,40,22.4,3.43,6.28,6,2022-02-24,20.9,15.01,24.06,1.73,8.33,1012.39
Syrah,Drummond,46,23.91,3.5,6.21,0,2022-03-02,21.6,14.79,24.91,1.09,7.1,1011.53
Cabernet,Drummond,15,12.5,3.07,10.84,52,2022-01-30,23.6,18.1,26.21,11.26,7.47,1012.43
Cabernet,Drummond,20,14.08,3.1,10.41,47,2022-02-04,24.06,17.56,26.56,1.36,6.83,1010.57
Cabernet,Drummond,25,15.62,3.18,9.56,42,2022-02-09,21.49,15.24,24.14,1.94,7.39,1014.64
Cabernet,Drummond,30,17.36,3.24,8.93,37,2022-02-14,22.21,14.67,25.74,1.29,9.24,1013.54
Cabernet,Drummond,35,18.02,3.22,9.69,32,2022-02-19,23.14,15.03,27.57,0.21,7.29,1013.14
Cabernet,Drummond,40,18.4,3.35,7.79,27,2022-02-24,20.9,15.01,24.06,1.73,8.33,1012.39
Cabernet,Drummond,45,18.76,3.4,8.07,22,2022-03-01,20.69,14.5,23.43,1.4,7.23,1012.41
Cabernet,Drummond,50,21.47,3.4,7.57,17,2022-03-06,23.5,17.36,26.66,0.6,7.94,1011.17
Cabernet,Drummond,55,22.35,3.46,7.02,12,2022-03-11,21.31,15.49,24.7,1.36,8.19,1011.53
Cabernet,Drummond,60,21.99,3.33,6.5,7,2022-03-16,20.79,13.77,25.33,0.0,7.9,1016.21
Cabernet,Drummond,67,22.99,3.61,5.98,0,2022-03-23,20.03,13.14,23.46,0.03,7.81,1013.3
Syrah,Agrelo,15,13.36,3.06,9.94,35,2022-01-30,23.1,17.6,25.71,11.26,7.47,1012.43
Syrah,Agrelo,20,16.0,3.18,9.36,30,2022-02-04,23.56,17.06,26.06,1.36,6.83,1010.57
Syrah,Agrelo,25,16.5,3.2,8.42,25,2022-02-09,20.99,14.74,23.64,1.94,7.39,1014.64
Syrah,Agrelo,30,17.8,3.25,8.6,20,2022-02-14,21.71,14.17,25.24,1.29,9.24,1013.54
Syrah,Agrelo,35,19.72,3.31,8.49,15,2022-02-19,22.64,14.53,27.07,0.21,7.29,1013.14
Syrah,Agrelo,40,20.87,3.46,7.69,10,2022-02-24,20.4,14.51,23.56,1.73,8.33,1012.39
Syrah,Agrelo,45,21.82,3.45,6.44,5,2022-03-01,20.19,14.0,22.93,1.4,7.23,1012.41
Syrah,Agrelo,50,24.7,3.57,6.67,0,2022-03-06,23.0,16.86,26.16,0.6,7.94,1011.17
Cabernet,Agrelo,15,13.94,3.06,10.52,39,2022-01-30,23.1,17.6,25.71,11.26,7.47,1012.43
Cabernet,Agrelo,20,16.41,3.19,9.27,34,2022-02-04,23.56,17.06,26.06,1.36,6.83,1010.57
Cabernet,Agrelo,25,16.57,3.23,9.2,29,2022-02-09,20.99,14.74,23.64,1.94,7.39,1014.64
Cabernet,Agrelo,30,18.25,3.35,8.87,24,2022-02-14,21.71,14.17,25.24,1.29,9.24,1013.54
Cabernet,Agrelo,35,19.01,3.38,7.66,19,2022-02-19,22.64,14.53,27.07,0.21,7.29,1013.14
Cabernet,Agrelo,40,20.01,3.34,7.55,14,2022-02-24,20.4,14.51,23.56,1.73,8.33,1012.39
Cabernet,Agrelo,45,21.92,3.41,6.73,9,2022-03-01,20.19,14.0,22.93,1.4,7.23,1012.41
Cabernet,Agrelo,54,23.45,3.45,6.48,0,2022-03-10,21.8,15.99,25.11,1.36,8.04,1010.34
Cabernet,San Carlos,15,13.64,3.12,11.2,51,2022-01-30,20.93,16.46,27.56,8.99,6.97,1012.51
Cabernet,San Carlos,20,14.65,3.21,10.22,46,2022-02-04,21.07,15.74,28.04,1.34,7.84,1010.5
Cabernet,San Carlos,25,15.38,3.28,9.61,41,2022-02-09,18.74,13.61,25.41,3.61,7.51,1014.54
Cabernet,San Carlos,30,16.64,3.21,9.19,36,2022-02-14,19.54,13.5,26.81,1.93,8.59,1013.51
Cabernet,San Carlos,35,16.84,3.23,8.54,31,2022-02-19,21.1,14.33,28.01,0.03,8.16,1013.06
Cabernet,San Carlos,40,18.78,3.36,8.34,26,2022-02-24,18.69,14.66,23.7,7.73,7.54,1012.6
Cabernet,San Carlos,45,19.66,3.33,7.67,21,2022-03-01,17.3,12.6,22.71,3.99,7.09,1012.56
Cabernet,San Carlos,50,21.04,3.41,6.89,16,2022-03-06,19.79,14.31,25.47,2.59,7.91,1011.53
Cabernet,San Carlos,55,21.53,3.37,6.88,11,2022-03-11,18.24,13.04,23.96,2.13,8.04,1011.73
Cabernet,San Carlos,60,22.39,3.45,6.45,6,2022-03-16,18.23,12.46,24.17,0.2,7.53,1016.4
Cabernet,San Carlos,66,23.61,3.55,6.26,0,2022-03-22,17.56,12.06,23.74,0.01,7.31,1013.96
Cabernet,San Carlos,15,13.15,3.16,10.79,45,2022-01-30,20.93,16.46,27.56,8.99,6.97,1012.51
Cabernet,San Carlos,20,14.32,3.16,10.61,40,2022-02-04,21.07,15.74,28.04,1.34,7.84,1010.5
Cabernet,San Carlos,25,15.46,3.12,9.91,35,2022-02-09,18.74,13.61,25.41,3.61,7.51,1014.54
Cabernet,San Carlos,30,17.57,3.23,8.97,30,2022-02-14,19.54,13.5,26.81,1.93,8.59,1013.51
Cabernet,San Carlos,35,17.55,3.3,8.85,25,2022-02-19,21.1,14.33,28.01,0.03,8.16,1013.06
Cabernet,San Carlos,40,19.06,3.38,8.14,20,2022-02-24,18.69,14.66,23.7,7.73,7.54,1012.6
Cabernet,San Carlos,45,20.79,3.35,7.39,15,2022-03-01,17.3,12.6,22.71,3.99,7.09,1012.56
Cabernet,San Carlos,50,20.74,3.39,7.35,10,2022-03-06,19.79,14.31,25.47,2.59,7.91,1011.53
Cabernet,San Carlos,55,22.37,3.42,6.69,5,2022-03-11,18.24,13.04,23.96,2.13,8.04,1011.73
Cabernet,San Carlos,60,24.2,3.53,5.65,0,2022-03-16,18.23,12.46,24.17,0.2,7.53,1016.4
Syrah,San Carlos,15,14.9,3.21,9.7,43,2022-01-30,20.93,16.46,27.56,8.99,6.97,1012.51
Syrah,San Carlos,20,15.08,3.16,10.42,38,2022-02-04,21.07,15.74,28.04,1.34,7.84,1010.5
Syrah,San Carlos,25,16.79,3.23,8.94,33,2022-02-09,18.74,13.61,25.41,3.61,7.51,1014.54
Syrah,San Carlos,30,16.95,3.24,8.5,28,2022-02-14,19.54,13.5,26.81,1.93,8.59,1013.51
Syrah,San Carlos,35,19.03,3.23,8.97,23,2022-02-19,21.1,14.33,28.01,0.03,8.16,1013.06
Syrah,San Carlos,40,20.64,3.33,7.96,18,2022-02-24,18.69,14.66,23.7,7.73,7.54,1012.6
Syrah,San Carlos,45,20.83,3.43,7.73,13,2022-03-01,17.3,12.6,22.71,3.99,7.09,1012.56
Syrah,San Carlos,50,22.2,3.45,6.64,8,2022-03-06,19.79,14.31,25.47,2.59,7.91,1011.53
Syrah,San Carlos,58,23.49,3.48,6.04,0,2022-03-14,17.66,11.97,23.46,0.2,7.59,1014.97
Syrah,San Carlos,15,13.88,3.22,10.19,43,2022-01-30,20.93,16.46,27.56,8.99,6.97,1012.51
Syrah,San Carlos,20,14.85,3.16,9.91,38,2022-02-04,21.07,15.74,28.04,1.34,7.84,1010.5
Syrah,San Carlos,25,15.94,3.18,9.47,33,2022-02-09,18.74,13.61,25.41,3.61,7.51,1014.54
Syrah,San Carlos,30,16.71,3.31,9.08,28,2022-02-14,19.54,13.5,26.81,1.93,8.59,1013.51
Syrah,San Carlos,35,18.2,3.28,8.46,23,2022-02-19,21.1,14.33,28.01,0.03,8.16,1013.06
Syrah,San Carlos,40,19.26,3.44,7.97,18,2022-02-24,18.69,14.66,23.7,7.73,7.54,1012.6
Syrah,San Carlos,45,21.06,3.42,7.17,13,2022-03-01,17.3,12.6,22.71,3.99,7.09,1012.56
Syrah,San Carlos,50,22.61,3.44,7.11,8,2022-03-06,19.79,14.31,25.47,2.59,7.91,1011.53
Syrah,San Carlos,58,23.18,3.54,6.43,0,2022-03-14,17.66,11.97,23.46,0.2,7.59,1014.97
Cabernet,San Carlos,15,14.05,3.19,11.05,56,2023-01-30,23.2,17.3,29.36,2.23,12.44,1009.87
Cabernet,San Carlos,20,15.13,3.12,10.2,51,2023-02-04,21.66,17.01,27.09,2.89,10.51,1013.86
Cabernet,San Carlos,25,13.92,3.2,10.0,46,2023-02-09,22.89,16.77,30.77,1.14,10.11,1013.16
Cabernet,San Carlos,30,15.63,3.21,9.07,41,2023-02-14,25.83,19.0,33.26,0.07,12.37,1007.31
Cabernet,San Carlos,35,17.5,3.22,9.97,36,2023-02-19,20.01,12.8,26.73,0.0,14.7,1010.19
Cabernet,San Carlos,40,17.8,3.24,8.5,31,2023-02-24,19.23,11.0,27.36,0.0,12.13,1013.94
Cabernet,San Carlos,45,18.17,3.34,8.07,26,2023-03-01,22.96,14.39,31.36,0.0,11.87,1012.16
Cabernet,San Carlos,50,20.42,3.34,8.19,21,2023-03-06,24.61,15.69,32.74,0.43,12.11,1010.11
Cabernet,San Carlos,55,21.22,3.39,7.83,16,2023-03-11,23.46,16.91,30.5,0.29,12.94,1009.8
Cabernet,San Carlos,60,22.31,3.57,6.81,11,2023-03-16,21.86,16.8,28.6,1.24,10.8,1011.14
Cabernet,San Carlos,65,22.86,3.54,6.04,6,2023-03-21,20.34,16.13,26.09,2.19,10.17,1013.51
Cabernet,San Carlos,71,24.46,3.51,5.82,0,2023-03-27,18.54,15.09,24.97,2.31,9.6,1016.77
Syrah,Agrelo,15,14.57,3.16,9.94,25,2023-01-30,25.26,18.39,30.99,0.61,13.67,1009.79
Syrah,Agrelo,20,16.76,3.32,9.5,20,2023-02-04,23.99,18.46,28.14,2.67,11.0,1014.0
Syrah,Agrelo,25,19.39,3.32,7.55,15,2023-02-09,25.34,17.76,30.66,0.11,11.63,1013.13
Syrah,Agrelo,30,20.15,3.37,7.23,10,2023-02-14,27.16,19.33,33.81,0.0,12.96,1007.29
Syrah,Agrelo,35,22.18,3.52,6.26,5,2023-02-19,21.34,14.97,29.31,0.0,14.53,1010.1
Syrah,Agrelo,40,24.7,3.57,6.67,0,2023-02-24,20.14,11.96,27.59,0.33,12.64,1014.11
Malbec,Agrelo,15,13.68,3.23,10.73,37,2023-01-30,25.26,18.39,30.99,0.61,13.67,1009.79
Malbec,Agrelo,20,14.68,3.16,9.82,32,2023-02-04,23.99,18.46,28.14,2.67,11.0,1014.0
Malbec,Agrelo,25,16.58,3.14,8.92,27,2023-02-09,25.34,17.76,30.66,0.11,11.63,1013.13
Malbec,Agrelo,30,19.05,3.26,8.49,22,2023-02-14,27.16,19.33,33.81,0.0,12.96,1007.29
Malbec,Agrelo,35,18.85,3.37,8.0,17,2023-02-19,21.34,14.97,29.31,0.0,14.53,1010.1
Malbec,Agrelo,40,20.4,3.32,7.81,12,2023-02-24,20.14,11.96,27.59,0.33,12.64,1014.11
Malbec,Agrelo,45,21.31,3.46,6.16,7,2023-03-01,24.47,16.0,30.61,0.86,12.66,1012.31
Malbec,Agrelo,52,25.25,3.65,4.84,0,2023-03-08,24.73,17.99,32.49,0.47,12.91,1008.84
Cabernet,Drummond,15,13.15,3.11,10.6,50,2023-01-30,25.76,18.89,31.49,0.61,13.67,1009.79
Cabernet,Drummond,20,14.67,3.16,10.37,45,2023-02-04,24.49,18.96,28.64,2.67,11.0,1014.0
Cabernet,Drummond,25,15.34,3.2,9.09,40,2023-02-09,25.84,18.26,31.16,0.11,11.63,1013.13
Cabernet,Drummond,30,16.92,3.25,9.53,35,2023-02-14,27.66,19.83,34.31,0.0,12.96,1007.29
Cabernet,Drummond,35,16.09,3.37,8.73,30,2023-02-19,21.84,15.47,29.81,0.0,14.53,1010.1
Cabernet,Drummond,40,19.17,3.26,8.49,25,2023-02-24,20.64,12.46,28.09,0.33,12.64,1014.11
Cabernet,Drummond,45,19.17,3.31,8.42,20,2023-03-01,24.97,16.5,31.11,0.86,12.66,1012.31
Cabernet,Drummond,50,20.67,3.4,7.65,15,2023-03-06,25.57,17.83,32.73,0.34,12.89,1010.21
Cabernet,Drummond,55,22.09,3.43,7.03,10,2023-03-11,24.89,18.84,31.59,0.31,13.47,1009.84
Cabernet,Drummond,60,24.12,3.46,6.52,5,2023-03-16,24.54,19.63,29.4,0.7,12.03,1011.17
Cabernet,Drummond,65,24.53,3.56,6.36,0,2023-03-21,22.49,17.79,27.2,6.93,10.34,1013.66
Syrah,Drummond,15,14.44,3.07,10.54,43,2023-01-30,25.76,18.89,31.49,0.61,13.67,1009.79
Syrah,Drummond,20,14.45,3.17,10.03,38,2023-02-04,24.49,18.96,28.64,2.67,11.0,1014.0
Syrah,Drummond,25,16.2,3.24,9.9,33,2023-02-09,25.84,18.26,31.16,0.11,11.63,1013.13
Syrah,Drummond,30,17.47,3.25,9.19,28,2023-02-14,27.66,19.83,34.31,0.0,12.96,1007.29
Syrah,Drummond,35,19.04,3.24,8.56,23,2023-02-19,21.84,15.47,29.81,0.0,14.53,1010.1
Syrah,Drummond,40,20.01,3.33,8.27,18,2023-02-24,20.64,12.46,28.09,0.33,12.64,1014.11
Syrah,Drummond,45,20.79,3.39,7.29,13,2023-03-01,24.97,16.5,31.11,0.86,12.66,1012.31
Syrah,Drummond,50,22.08,3.38,6.4,8,2023-03-06,25.57,17.83,32.73,0.34,12.89,1010.21
Syrah,Drummond,58,24.07,3.43,6.01,0,2023-03-14,24.56,19.07,29.5,0.7,12.96,1010.41
Malbec,Agrelo,15,14.05,3.19,9.74,26,2023-01-30,25.26,18.39,30.99,0.61,13.67,1009.79
Malbec,Agrelo,20,17.05,3.19,9.07,21,2023-02-04,23.99,18.46,28.14,2.67,11.0,1014.0
Malbec,Agrelo,25,19.35,3.34,8.36,16,2023-02-09,25.34,17.76,30.66,0.11,11.63,1013.13
Malbec,Agrelo,30,20.29,3.31,7.56,11,2023-02-14,27.16,19.33,33.81,0.0,12.96,1007.29
Malbec,Agrelo,35,21.13,3.48,6.22,6,2023-02-19,21.34,14.97,29.31,0.0,14.53,1010.1
Malbec,Agrelo,41,25.25,3.65,4.84,0,2023-02-25,22.01,13.39,28.47,0.43,12.11,1012.64
Syrah,Drummond,15,13.6,3.07,10.93,44,2023-01-30,25.76,18.89,31.49,0.61,13.67,1009.79
Syrah,Drummond,20,14.7,3.1,9.83,39,2023-02-04,24.49,18.96,28.64,2.67,11.0,1014.0
Syrah,Drummond,25,15.72,3.23,10.16,34,2023-02-09,25.84,18.26,31.16,0.11,11.63,1013.13
Cabernet,San Carlos,15,14.05,3.19,11.05,56,2023-01-30,23.2,17.3,29.36,2.23,12.44,1009.87
Cabernet,San Carlos,20,15.13,3.12,10.2,51,2023-02-04,21.66,17.01,27.09,2.89,10.51,1013.86
Cabernet,San Carlos,25,13.92,3.2,10.0,46,2023-02-09,22.89,16.77,30.77,1.14,10.11,1013.16
Cabernet,San Carlos,30,15.63,3.21,9.07,41,2023-02-14,25.83,19.0,33.26,0.07,12.37,1007.31
Cabernet,San Carlos,35,17.5,3.22,9.97,36,2023-02-19,20.01,12.8,26.73,0.0,14.7,1010.19
Cabernet,San Carlos,40,17.8,3.24,8.5,31,2023-02-24,19.23,11.0,27.36,0.0,12.13,1013.94
Cabernet,San Carlos,45,18.17,3.34,8.07,26,2023-03-01,22.96,14.39,31.36,0.0,11.87,1012.16
Cabernet,San Carlos,50,20.42,3.34,8.19,21,2023-03-06,24.61,15.69,32.74,0.43,12.11,1010.11
Cabernet,San Carlos,55,21.22,3.39,7.83,16,2023-03-11,23.46,16.91,30.5,0.29,12.94,1009.8
Cabernet,San Carlos,60,22.31,3.57,6.81,11,2023-03-16,21.86,16.8,28.6,1.24,10.8,1011.14
Cabernet,San Carlos,65,22.86,3.54,6.04,6,2023-03-21,20.34,16.13,26.09,2.19,10.17,1013.51
Cabernet,San Carlos,71,24.46,3.51,5.82,0,2023-03-27,18.54,15.09,24.97,2.31,9.6,1016.77
Syrah,Agrelo,15,14.57,3.16,9.94,25,2023-01-30,25.26,18.39,30.99,0.61,13.67,1009.79
Syrah,Agrelo,20,16.76,3.32,9.5,20,2023-02-04,23.99,18.46,28.14,2.67,11.0,1014.0
Syrah,Agrelo,25,19.39,3.32,7.55,15,2023-02-09,25.34,17.76,30.66,0.11,11.63,1013.13
Syrah,Agrelo,30,20.15,3.37,7.23,10,2023-02-14,27.16,19.33,33.81,0.0,12.96,1007.29
Syrah,Agrelo,35,22.18,3.52,6.26,5,2023-02-19,21.34,14.97,29.31,0.0,14.53,1010.1
Syrah,Agrelo,40,24.7,3.57,6.67,0,2023-02-24,20.14,11.96,27.59,0.33,12.64,1014.11
Malbec,Agrelo,15,13.68,3.23,10.73,37,2023-01-30,25.26,18.39,30.99,0.61,13.67,1009.79
Malbec,Agrelo,20,14.68,3.16,9.82,32,2023-02-04,23.99,18.46,28.14,2.67,11.0,1014.0
Malbec,Agrelo,25,16.58,3.14,8.92,27,2023-02-09,25.34,17.76,30.66,0.11,11.63,1013.13
Malbec,Agrelo,30,19.05,3.26,8.49,22,2023-02-14,27.16,19.33,33.81,0.0,12.96,1007.29
Malbec,Agrelo,35,18.85,3.37,8.0,17,2023-02-19,21.34,14.97,29.31,0.0,14.53,1010.1
Malbec,Agrelo,40,20.4,3.32,7.81,12,2023-02-24,20.14,11.96,27.59,0.33,12.64,1014.11
Malbec,Agrelo,45,21.31,3.46,6.16,7,2023-03-01,24.47,16.0,30.61,0.86,12.66,1012.31
Malbec,Agrelo,52,25.25,3.65,4.84,0,2023-03-08,24.73,17.99,32.49,0.47,12.91,1008.84
Cabernet,Drummond,15,13.15,3.11,10.6,50,2023-01-30,25.76,18.89,31.49,0.61,13.67,1009.79
Cabernet,Drummond,20,14.67,3.16,10.37,45,2023-02-04,24.49,18.96,28.64,2.67,11.0,1014.0
Cabernet,Drummond,25,15.34,3.2,9.09,40,2023-02-09,25.84,18.26,31.16,0.11,11.63,1013.13
Cabernet,Drummond,30,16.92,3.25,9.53,35,2023-02-14,27.66,19.83,34.31,0.0,12.96,1007.29
Cabernet,Drummond,35,16.09,3.37,8.73,30,2023-02-19,21.84,15.47,29.81,0.0,14.53,1010.1
Cabernet,Drummond,40,19.17,3.26,8.49,25,2023-02-24,20.64,12.46,28.09,0.33,12.64,1014.11
Cabernet,Drummond,45,19.17,3.31,8.42,20,2023-03-01,24.97,16.5,31.11,0.86,12.66,1012.31
Cabernet,Drummond,50,20.67,3.4,7.65,15,2023-03-06,25.57,17.83,32.73,0.34,12.89,1010.21
Cabernet,Drummond,55,22.09,3.43,7.03,10,2023-03-11,24.89,18.84,31.59,0.31,13.47,1009.84
Cabernet,Drummond,60,24.12,3.46,6.52,5,2023-03-16,24.54,19.63,29.4,0.7,12.03,1011.17
Cabernet,Drummond,65,24.53,3.56,6.36,0,2023-03-21,22.49,17.79,27.2,6.93,10.34,1013.66
Syrah,Drummond,15,14.44,3.07,10.54,43,2023-01-30,25.76,18.89,31.49,0.61,13.67,1009.79
Syrah,Drummond,20,14.45,3.17,10.03,38,2023-02-04,24.49,18.96,28.64,2.67,11.0,1014.0
Syrah,Drummond,25,16.2,3.24,9.9,33,2023-02-09,25.84,18.26,31.16,0.11,11.63,1013.13
Syrah,Drummond,30,17.47,3.25,9.19,28,2023-02-14,27.66,19.83,34.31,0.0,12.96,1007.29
Syrah,Drummond,35,19.04,3.24,8.56,23,2023-02-19,21.84,15.47,29.81,0.0,14.53,1010.1
Syrah,Drummond,30,17.38,3.26,9.69,29,2023-02-14,27.66,19.83,34.31,0.0,12.96,1007.29
Syrah,Drummond,35,18.79,3.31,8.3,24,2023-02-19,21.84,15.47,29.81,0.0,14.53,1010.1
Syrah,Drummond,40,19.65,3.34,7.96,19,2023-02-24,20.64,12.46,28.09,0.33,12.64,1014.11
Syrah,Drummond,45,21.34,3.35,7.58,14,2023-03-01,24.97,16.5,31.11,0.86,12.66,1012.31
Syrah,Drummond,50,22.34,3.39,6.67,9,2023-03-06,25.57,17.83,32.73,0.34,12.89,1010.21
Syrah,Drummond,59,22.98,3.44,6.75,0,2023-03-15,24.64,19.63,29.37,0.7,12.83,1010.66
Malbec,San Carlos,15,14.45,3.13,10.81,51,2023-01-30,23.2,17.3,29.36,2.23,12.44,1009.87
Malbec,San Carlos,20,14.82,3.13,9.86,46,2023-02-04,21.66,17.01,27.09,2.89,10.51,1013.86
Malbec,San Carlos,25,15.39,3.2,9.24,41,2023-02-09,22.89,16.77,30.77,1.14,10.11,1013.16
Malbec,San Carlos,30,16.55,3.28,9.0,36,2023-02-14,25.83,19.0,33.26,0.07,12.37,1007.31
Malbec,San Carlos,35,17.64,3.31,8.99,31,2023-02-19,20.01,12.8,26.73,0.0,14.7,1010.19
Malbec,San Carlos,40,18.83,3.29,8.03,26,2023-02-24,19.23,11.0,27.36,0.0,12.13,1013.94
Malbec,San Carlos,45,19.32,3.31,7.89,21,2023-03-01,22.96,14.39,31.36,0.0,11.87,1012.16
Malbec,San Carlos,50,21.15,3.31,7.5,16,2023-03-06,24.61,15.69,32.74,0.43,12.11,1010.11
Malbec,San Carlos,55,21.13,3.38,7.17,11,2023-03-11,23.46,16.91,30.5,0.29,12.94,1009.8
Malbec,San Carlos,60,22.13,3.49,6.14,6,2023-03-16,21.86,16.8,28.6,1.24,10.8,1011.14
Malbec,San Carlos,66,25.57,3.84,3.67,0,2023-03-22,20.07,16.24,25.74,2.36,10.41,1014.2
Malbec,Drummond,15,14.91,3.17,10.79,38,2023-01-30,25.76,18.89,31.49,0.61,13.67,1009.79
Malbec,Drummond,20,15.09,3.18,9.56,33,2023-02-04,24.49,18.96,28.64,2.67,11.0,1014.0
Malbec,Drummond,25,16.1,3.2,8.8,28,2023-02-09,25.84,18.26,31.16,0.11,11.63,1013.13
Malbec,Drummond,30,17.94,3.24,8.67,23,2023-02-14,27.66,19.83,34.31,0.0,12.96,1007.29
Malbec,Drummond,35,18.47,3.35,8.29,18,2023-02-19,21.84,15.47,29.81,0.0,14.53,1010.1
Malbec,Drummond,40,19.57,3.4,7.84,13,2023-02-24,20.64,12.46,28.09,0.33,12.64,1014.11
Malbec,Drummond,45,21.28,3.51,7.03,8,2023-03-01,24.97,16.5,31.11,0.86,12.66,1012.31
Malbec,Drummond,53,23.76,3.77,3.99,0,2023-03-09,25.33,18.7,32.37,0.19,13.39,1008.61
Malbec,Agrelo,15,13.93,3.15,9.91,39,2023-01-30,25.26,18.39,30.99,0.61,13.67,1009.79
Malbec,Agrelo,20,15.13,3.14,9.56,34,2023-02-04,23.99,18.46,28.14,2.67,11.0,1014.0
Malbec,Agrelo,25,17.1,3.29,9.4,29,2023-02-09,25.34,17.76,30.66,0.11,11.63,1013.13
Malbec,Agrelo,30,17.23,3.26,9.03,24,2023-02-14,27.16,19.33,33.81,0.0,12.96,1007.29
Malbec,Agrelo,35,19.14,3.44,8.23,19,2023-02-19,21.34,14.97,29.31,0.0,14.53,1010.1
Malbec,Agrelo,40,20.47,3.35,7.6,14,2023-02-24,20.14,11.96,27.59,0.33,12.64,1014.11
Malbec,Agrelo,45,21.59,3.45,7.29,9,2023-03-01,24.47,16.0,30.61,0.86,12.66,1012.31
Malbec,Agrelo,54,22.57,3.4,5.89,0,2023-03-10,24.86,18.39,31.76,0.33,13.44,1008.79
Cabernet,Drummond,15,13.64,3.14,10.97,47,2023-01-30,25.76,18.89,31.49,0.61,13.67,1009.79
Cabernet,Drummond,20,13.52,3.22,9.31,42,2023-02-04,24.49,18.96,28.64,2.67,11.0,1014.0
Cabernet,Drummond,25,15.66,3.31,9.78,37,2023-02-09,25.84,18.26,31.16,0.11,11.63,1013.13
Cabernet,Drummond,30,16.96,3.34,8.89,32,2023-02-14,27.66,19.83,34.31,0.0,12.96,1007.29
Cabernet,Drummond,35,18.12,3.31,8.46,27,2023-02-19,21.84,15.47,29.81,0.0,14.53,1010.1
Cabernet,Drummond,40,18.82,3.3,8.16,22,2023-02-24,20.64,12.46,28.09,0.33,12.64,1014.11
Cabernet,Drummond,45,20.43,3.37,7.86,17,2023-03-01,24.97,16.5,31.11,0.86,12.66,1012.31
Cabernet,Drummond,50,20.31,3.39,6.85,12,2023-03-06,25.57,17.83,32.73,0.34,12.89,1010.21
Cabernet,Drummond,55,22.57,3.46,6.64,7,2023-03-11,24.89,18.84,31.59,0.31,13.47,1009.84
Cabernet,Drummond,62,23.8,3.53,6.18,0,2023-03-18,24.63,19.01,29.01,7.41,11.86,1011.56
Malbec,Drummond,15,13.85,3.17,9.83,33,2023-01-30,25.76,18.89,31.49,0.61,13.67,1009.79
Malbec,Drummond,20,16.2,3.19,9.0,28,2023-02-04,24.49,18.96,28.64,2.67,11.0,1014.0
Malbec,Drummond,25,17.92,3.32,8.27,23,2023-02-09,25.84,18.26,31.16,0.11,11.63,1013.13
Malbec,Drummond,30,18.47,3.28,8.74,18,2023-02-14,27.66,19.83,34.31,0.0,12.96,1007.29
Malbec,Drummond,35,20.16,3.29,7.89,13,2023-02-19,21.84,15.47,29.81,0.0,14.53,1010.1
Malbec,Drummond,40,21.05,3.4,6.77,8,2023-02-24,20.64,12.46,28.09,0.33,12.64,1014.11
Malbec,Drummond,48,23.76,3.77,3.99,0,2023-03-04,24.8,16.71,31.9,0.83,12.59,1010.81
Syrah,Agrelo,15,14.48,3.15,10.24,29,2023-01-30,25.26,18.39,30.99,0.61,13.67,1009.79
Syrah,Agrelo,20,16.58,3.27,9.47,24,2023-02-04,23.99,18.46,28.14,2.67,11.0,1014.0
Syrah,Agrelo,25,18.81,3.23,8.71,19,2023-02-09,25.34,17.76,30.66,0.11,11.63,1013.13
Syrah,Agrelo,30,18.46,3.28,7.89,14,2023-02-14,27.16,19.33,33.81,0.0,12.96,1007.29
Syrah,Agrelo,35,21.35,3.39,7.06,9,2023-02-19,21.34,14.97,29.31,0.0,14.53,1010.1
Syrah,Agrelo,44,22.53,3.52,6.43,0,2023-02-28,24.09,15.67,30.34,0.96,12.81,1012.2
Malbec,San Carlos,15,13.91,3.07,10.7,42,2023-01-30,23.2,17.3,29.36,2.23,12.44,1009.87
Malbec,San Carlos,20,14.67,3.12,10.05,37,2023-02-04,21.66,17.01,27.09,2.89,10.51,1013.86
Malbec,San Carlos,25,15.45,3.18,9.37,32,2023-02-09,22.89,16.77,30.77,1.14,10.11,1013.16
Malbec,San Carlos,30,18.48,3.23,8.7,27,2023-02-14,25.83,19.0,33.26,0.07,12.37,1007.31
Malbec,San Carlos,35,18.96,3.25,8.45,22,2023-02-19,20.01,12.8,26.73,0.0,14.7,1010.19
Malbec,San Carlos,40,20.43,3.34,8.1,17,2023-02-24,19.23,11.0,27.36,0.0,12.13,1013.94
Malbec,San Carlos,45,21.2,3.36,7.2,12,2023-03-01,22.96,14.39,31.36,0.0,11.87,1012.16
Malbec,San Carlos,50,22.09,3.43,6.78,7,2023-03-06,24.61,15.69,32.74,0.43,12.11,1010.11
Malbec,San Carlos,57,25.57,3.84,3.67,0,2023-03-13,23.01,17.14,30.41,1.01,11.89,1009.54
Cabernet,Agrelo,15,13.57,3.18,10.41,43,2023-01-30,25.26,18.39,30.99,0.61,13.67,1009.79
Cabernet,Agrelo,20,14.53,3.17,10.26,38,2023-02-04,23.99,18.46,28.14,2.67,11.0,1014.0
Cabernet,Agrelo,25,16.32,3.09,9.47,33,2023-02-09,25.34,17.76,30.66,0.11,11.63,1013.13
Cabernet,Agrelo,30,17.36,3.26,8.71,28,2023-02-14,27.16,19.33,33.81,0.0,12.96,1007.29
Cabernet,Agrelo,35,19.05,3.36,7.72,23,2023-02-19,21.34,14.97,29.31,0.0,14.53,1010.1
Cabernet,Agrelo,40,19.26,3.34,8.15,18,2023-02-24,20.14,11.96,27.59,0.33,12.64,1014.11
Cabernet,Agrelo,45,20.88,3.35,7.56,13,2023-03-01,24.47,16.0,30.61,0.86,12.66,1012.31
Cabernet,Agrelo,50,21.96,3.43,6.82,8,2023-03-06,25.07,17.33,32.23,0.34,12.89,1010.21
Cabernet,Agrelo,58,23.56,3.46,6.52,0,2023-03-14,24.06,18.57,29.0,0.7,12.96,1010.41
Syrah,San Carlos,15,14.32,3.15,10.64,44,2023-01-30,23.2,17.3,29.36,2.23,12.44,1009.87
Syrah,San Carlos,20,15.28,3.15,9.71,39,2023-02-04,21.66,17.01,27.09,2.89,10.51,1013.86
Syrah,San Carlos,25,15.41,3.11,10.07,34,2023-02-09,22.89,16.77,30.77,1.14,10.11,1013.16
Syrah,San Carlos,30,16.57,3.24,8.87,29,2023-02-14,25.83,19.0,33.26,0.07,12.37,1007.31
Syrah,San Carlos,35,18.46,3.34,8.7,24,2023-02-19,20.01,12.8,26.73,0.0,14.7,1010.19
Syrah,San Carlos,40,19.2,3.33,8.02,19,2023-02-24,19.23,11.0,27.36,0.0,12.13,1013.94
Syrah,San Carlos,45,20.55,3.46,7.57,14,2023-03-01,22.96,14.39,31.36,0.0,11.87,1012.16
Syrah,San Carlos,50,22.23,3.46,7.27,9,2023-03-06,24.61,15.69,32.74,0.43,12.11,1010.11
Syrah,San Carlos,59,23.14,3.4,6.53,0,2023-03-15,22.0,16.8,29.3,1.24,11.0,1010.7
Syrah,San Carlos,15,12.86,3.09,10.35,51,2023-01-30,23.2,17.3,29.36,2.23,12.44,1009.87
Syrah,San Carlos,20,14.98,3.13,10.38,46,2023-02-04,21.66,17.01,27.09,2.89,10.51,1013.86
Syrah,San Carlos,25,16.02,3.2,9.47,41,2023-02-09,22.89,16.77,30.77,1.14,10.11,1013.16
Syrah,San Carlos,30,16.27,3.28,9.33,36,2023-02-14,25.83,19.0,33.26,0.07,12.37,1007.31
Syrah,San Carlos,35,16.82,3.29,9.05,31,2023-02-19,20.01,12.8,26.73,0.0,14.7,1010.19
Syrah,San Carlos,40,18.31,3.33,8.44,26,2023-02-24,19.23,11.0,27.36,0.0,12.13,1013.94
Syrah,San Carlos,45,19.45,3.28,8.23,21,2023-03-01,22.96,14.39,31.36,0.0,11.87,1012.16
Syrah,San Carlos,50,20.99,3.41,7.92,16,2023-03-06,24.61,15.69,32.74,0.43,12.11,1010.11
Syrah,San Carlos,55,22.14,3.45,6.34,11,2023-03-11,23.46,16.91,30.5,0.29,12.94,1009.8
Syrah,San Carlos,60,23.33,3.46,6.64,6,2023-03-16,21.86,16.8,28.6,1.24,10.8,1011.14
Syrah,San Carlos,66,23.95,3.53,6.43,0,2023-03-22,20.07,16.24,25.74,2.36,10.41,1014.2
Syrah,Drummond,15,14.23,2.98,10.15,36,2023-01-30,25.76,18.89,31.49,0.61,13.67,1009.79
Syrah,Drummond,20,15.02,3.26,9.83,31,2023-02-04,24.49,18.96,28.64,2.67,11.0,1014.0
Syrah,Drummond,25,16.63,3.23,8.94,26,2023-02-09,25.84,18.26,31.16,0.11,11.63,1013.13
Syrah,Drummond,30,18.03,3.22,7.97,21,2023-02-14,27.66,19.83,34.31,0.0,12.96,1007.29
Syrah,Drummond,35,19.62,3.4,7.72,16,2023-02-19,21.84,15.47,29.81,0.0,14.53,1010.1
Syrah,Drummond,40,21.13,3.43,7.0,11,2023-02-24,20.64,12.46,28.09,0.33,12.64,1014.11
Syrah,Drummond,45,22.34,3.41,7.19,6,2023-03-01,24.97,16.5,31.11,0.86,12.66,1012.31
Syrah,Drummond,51,24.51,3.44,6.23,0,2023-03-07,25.81,18.97,33.37,0.47,12.89,1009.0
Malbec,San Carlos,15,13.56,3.09,9.9,49,2023-01-30,23.2,17.3,29.36,2.23,12.44,1009.87
Malbec,San Carlos,20,14.56,3.17,9.95,44,2023-02-04,21.66,17.01,27.09,2.89,10.51,1013.86
Malbec,San Carlos,25,15.15,3.13,9.89,39,2023-02-09,22.89,16.77,30.77,1.14,10.11,1013.16
Malbec,San Carlos,30,17.0,3.19,9.03,34,2023-02-14,25.83,19.0,33.26,0.07,12.37,1007.31
Malbec,San Carlos,35,17.62,3.39,8.88,29,2023-02-19,20.01,12.8,26.73,0.0,14.7,1010.19
Malbec,San Carlos,40,18.28,3.33,7.84,24,2023-02-24,19.23,11.0,27.36,0.0,12.13,1013.94
Malbec,San Carlos,45,20.2,3.44,8.29,19,2023-03-01,22.96,14.39,31.36,0.0,11.87,1012.16
Malbec,San Carlos,50,21.3,3.36,6.92,14,2023-03-06,24.61,15.69,32.74,0.43,12.11,1010.11
Malbec,San Carlos,55,21.33,3.29,7.05,9,2023-03-11,23.46,16.91,30.5,0.29,12.94,1009.8
Malbec,San Carlos,64,23.07,3.51,6.8,0,2023-03-20,20.56,16.43,26.3,2.24,10.69,1013.09
Cabernet,Drummond,15,13.73,3.14,10.28,42,2023-01-30,25.76,18.89,31.49,0.61,13.67,1009.79
Cabernet,Drummond,20,14.74,3.21,9.84,37,2023-02-04,24.49,18.96,28.64,2.67,11.0,1014.0
Cabernet,Drummond,25,15.98,3.22,9.63,32,2023-02-09,25.84,18.26,31.16,0.11,11.63,1013.13
Cabernet,Drummond,30,17.02,3.26,8.92,27,2023-02-14,27.66,19.83,34.31,0.0,12.96,1007.29
Cabernet,Drummond,35,19.18,3.3,8.1,22,2023-02-19,21.84,15.47,29.81,0.0,14.53,1010.1
Cabernet,Drummond,40,19.58,3.4,8.4,17,2023-02-24,20.64,12.46,28.09,0.33,12.64,1014.11
Cabernet,Drummond,45,20.4,3.34,7.21,12,2023-03-01,24.97,16.5,31.11,0.86,12.66,1012.31
Cabernet,Drummond,50,22.34,3.48,6.47,7,2023-03-06,25.57,17.83,32.73,0.34,12.89,1010.21
Cabernet,Drummond,57,22.98,3.49,6.13,0,2023-03-13,25.13,19.41,31.03,0.53,12.89,1009.53
Cabernet,San Carlos,15,13.55,3.07,10.86,53,2023-01-30,23.2,17.3,29.36,2.23,12.44,1009.87
Cabernet,San Carlos,20,13.48,3.09,10.05,48,2023-02-04,21.66,17.01,27.09,2.89,10.51,1013.86
Cabernet,San Carlos,25,15.96,3.2,9.62,43,2023-02-09,22.89,16.77,30.77,1.14,10.11,1013.16
Cabernet,San Carlos,30,16.36,3.22,9.21,38,2023-02-14,25.83,19.0,33.26,0.07,12.37,1007.31
Cabernet,San Carlos,35,16.51,3.33,8.97,33,2023-02-19,20.01,12.8,26.73,0.0,14.7,1010.19
Cabernet,San Carlos,40,19.32,3.34,8.64,28,2023-02-24,19.23,11.0,27.36,0.0,12.13,1013.94
Cabernet,San Carlos,45,19.05,3.28,7.96,23,2023-03-01,22.96,14.39,31.36,0.0,11.87,1012.16
Cabernet,San Carlos,50,19.73,3.4,8.08,18,2023-03-06,24.61,15.69,32.74,0.43,12.11,1010.11
Cabernet,San Carlos,55,21.19,3.45,6.94,13,2023-03-11,23.46,16.91,30.5,0.29,12.94,1009.8
Cabernet,San Carlos,60,22.2,3.4,6.07,8,2023-03-16,21.86,16.8,28.6,1.24,10.8,1011.14
Cabernet,San Carlos,68,23.36,3.48,6.58,0,2023-03-24,19.23,16.26,24.84,3.04,9.76,1015.39
Cabernet,San Carlos,15,12.44,3.06,10.87,63,2023-01-30,23.2,17.3,29.36,2.23,12.44,1009.87
Cabernet,San Carlos,20,13.91,3.15,10.94,58,2023-02-04,21.66,17.01,27.09,2.89,10.51,1013.86
Cabernet,San Carlos,25,14.04,3.17,9.69,53,2023-02-09,22.89,16.77,30.77,1.14,10.11,1013.16
Cabernet,San Carlos,30,14.92,3.26,9.55,48,2023-02-14,25.83,19.0,33.26,0.07,12.37,1007.31
Cabernet,San Carlos,35,15.88,3.12,9.06,43,2023-02-19,20.01,12.8,26.73,0.0,14.7,1010.19
Cabernet,San Carlos,40,17.08,3.19,8.84,38,2023-02-24,19.23,11.0,27.36,0.0,12.13,1013.94
Cabernet,San Carlos,45,18.71,3.25,8.26,33,2023-03-01,22.96,14.39,31.36,0.0,11.87,1012.16
Cabernet,San Carlos,50,18.41,3.26,8.31,28,2023-03-06,24.61,15.69,32.74,0.43,12.11,1010.11
Cabernet,San Carlos,55,19.9,3.4,8.38,23,2023-03-11,23.46,16.91,30.5,0.29,12.94,1009.8
Cabernet,San Carlos,60,19.85,3.4,7.05,18,2023-03-16,21.86,16.8,28.6,1.24,10.8,1011.14
Cabernet,San Carlos,65,22.06,3.4,7.01,13,2023-03-21,20.34,16.13,26.09,2.19,10.17,1013.51
Cabernet,San Carlos,70,21.92,3.43,6.64,8,2023-03-26,18.57,15.36,24.71,2.86,9.66,1016.14
Cabernet,San Carlos,78,24.14,3.44,6.07,0,2023-04-03,18.57,14.61,25.56,2.13,9.86,1016.06
Cabernet,San Carlos,15,13.27,3.11,10.87,60,2023-01-30,23.2,17.3,29.36,2.23,12.44,1009.87
Cabernet,San Carlos,20,13.99,3.13,10.48,55,2023-02-04,21.66,17.01,27.09,2.89,10.51,1013.86
Cabernet,San Carlos,25,14.64,3.22,10.43,50,2023-02-09,22.89,16.77,30.77,1.14,10.11,1013.16
Cabernet,San Carlos,30,15.01,3.19,9.61,45,2023-02-14,25.83,19.0,33.26,0.07,12.37,1007.31
Cabernet,San Carlos,35,16.4,3.32,9.27,40,2023-02-19,20.01,12.8,26.73,0.0,14.7,1010.19
Cabernet,San Carlos,40,17.06,3.3,8.88,35,2023-02-24,19.23,11.0,27.36,0.0,12.13,1013.94
Cabernet,San Carlos,45,18.55,3.39,8.51,30,2023-03-01,22.96,14.39,31.36,0.0,11.87,1012.16
Cabernet,San Carlos,50,19.18,3.24,7.95,25,2023-03-06,24.61,15.69,32.74,0.43,12.11,1010.11
Cabernet,San Carlos,55,20.92,3.36,6.93,20,2023-03-11,23.46,16.91,30.5,0.29,12.94,1009.8
Cabernet,San Carlos,60,20.95,3.45,7.36,15,2023-03-16,21.86,16.8,28.6,1.24,10.8,1011.14
Cabernet,San Carlos,65,21.71,3.41,6.68,10,2023-03-21,20.34,16.13,26.09,2.19,10.17,1013.51
Cabernet,San Carlos,70,22.74,3.37,6.63,5,2023-03-26,18.57,15.36,24.71,2.86,9.66,1016.14
Cabernet,San Carlos,75,24.63,3.42,6.37,0,2023-03-31,18.57,14.61,25.56,2.13,9.86,1016.06
Malbec,Drummond,15,13.64,3.14,10.56,43,2023-01-30,25.76,18.89,31.49,0.61,13.67,1009.79
Malbec,Drummond,20,14.43,3.23,9.59,38,2023-02-04,24.49,18.96,28.64,2.67,11.0,1014.0
Malbec,Drummond,25,15.83,3.24,9.26,33,2023-02-09,25.84,18.26,31.16,0.11,11.63,1013.13
Malbec,Drummond,30,17.63,3.33,9.2,28,2023-02-14,27.66,19.83,34.31,0.0,12.96,1007.29
Malbec,Drummond,35,17.48,3.31,8.69,23,2023-02-19,21.84,15.47,29.81,0.0,14.53,1010.1
Malbec,Drummond,40,19.0,3.38,8.06,18,2023-02-24,20.64,12.46,28.09,0.33,12.64,1014.11
Malbec,Drummond,45,20.26,3.43,7.43,13,2023-03-01,24.97,16.5,31.11,0.86,12.66,1012.31
Malbec,Drummond,50,22.39,3.38,6.87,8,2023-03-06,25.57,17.83,32.73,0.34,12.89,1010.21
Malbec,Drummond,58,23.76,3.77,3.99,0,2023-03-14,24.56,19.07,29.5,0.7,12.96,1010.41
Syrah,Drummond,15,14.17,3.12,10.87,43,2023-01-30,25.76,18.89,31.49,0.61,13.67,1009.79
Syrah,Drummond,20,14.8,3.16,10.05,38,2023-02-04,24.49,18.96,28.64,2.67,11.0,1014.0
Syrah,Drummond,25,15.69,3.26,9.56,33,2023-02-09,25.84,18.26,31.16,0.11,11.63,1013.13
Syrah,Drummond,30,17.26,3.27,9.51,28,2023-02-14,27.66,19.83,34.31,0.0,12.96,1007.29
Syrah,Drummond,35,18.92,3.41,8.54,23,2023-02-19,21.84,15.47,29.81,0.0,14.53,1010.1
Syrah,Drummond,40,18.92,3.33,7.35,18,2023-02-24,20.64,12.46,28.09,0.33,12.64,1014.11
Syrah,Drummond,45,21.13,3.43,7.08,13,2023-03-01,24.97,16.5,31.11,0.86,12.66,1012.31
Syrah,Drummond,50,21.74,3.44,6.47,8,2023-03-06,25.57,17.83,32.73,0.34,12.89,1010.21
Syrah,Drummond,58,22.64,3.54,6.34,0,2023-03-14,24.56,19.07,29.5,0.7,12.96,1010.41
Cabernet,Drummond,15,13.27,3.17,10.34,50,2023-01-30,25.76,18.89,31.49,0.61,13.67,1009.79
Cabernet,Drummond,20,14.43,3.2,10.3,45,2023-02-04,24.49,18.96,28.64,2.67,11.0,1014.0
Cabernet,Drummond,25,15.48,3.24,8.88,40,2023-02-09,25.84,18.26,31.16,0.11,11.63,1013.13
Cabernet,Drummond,30,16.8,3.2,8.68,35,2023-02-14,27.66,19.83,34.31,0.0,12.96,1007.29
Cabernet,Drummond,35,17.79,3.34,8.73,30,2023-02-19,21.84,15.47,29.81,0.0,14.53,1010.1
Cabernet,Drummond,40,19.09,3.39,8.7,25,2023-02-24,20.64,12.46,28.09,0.33,12.64,1014.11
Cabernet,Drummond,45,20.51,3.38,7.87,20,2023-03-01,24.97,16.5,31.11,0.86,12.66,1012.31
Cabernet,Drummond,50,19.97,3.37,7.13,15,2023-03-06,25.57,17.83,32.73,0.34,12.89,1010.21
Cabernet,Drummond,55,22.93,3.41,6.96,10,2023-03-11,24.89,18.84,31.59,0.31,13.47,1009.84
Cabernet,Drummond,60,23.2,3.46,6.97,5,2023-03-16,24.54,19.63,29.4,0.7,12.03,1011.17
Cabernet,Drummond,65,23.69,3.51,5.78,0,2023-03-21,22.49,17.79,27.2,6.93,10.34,1013.66
Cabernet,San Carlos,15,12.34,2.98,10.25,55,2023-01-30,23.2,17.3,29.36,2.23,12.44,1009.87
Cabernet,San Carlos,20,15.15,3.12,9.53,50,2023-02-04,21.66,17.01,27.09,2.89,10.51,1013.86
Cabernet,San Carlos,25,14.28,3.3,9.65,45,2023-02-09,22.89,16.77,30.77,1.14,10.11,1013.16
Cabernet,San Carlos,30,16.58,3.22,9.28,40,2023-02-14,25.83,19.0,33.26,0.07,12.37,1007.31
Cabernet,San Carlos,35,17.39,3.13,8.57,35,2023-02-19,20.01,12.8,26.73,0.0,14.7,1010.19
Cabernet,San Carlos,40,17.75,3.22,8.4,30,2023-02-24,19.23,11.0,27.36,0.0,12.13,1013.94
Cabernet,San Carlos,45,19.43,3.33,8.54,25,2023-03-01,22.96,14.39,31.36,0.0,11.87,1012.16
Cabernet,San Carlos,50,20.1,3.41,7.7,20,2023-03-06,24.61,15.69,32.74,0.43,12.11,1010.11
Cabernet,San Carlos,55,20.7,3.47,7.07,15,2023-03-11,23.46,16.91,30.5,0.29,12.94,1009.8
Cabernet,San Carlos,60,22.17,3.47,7.11,10,2023-03-16,21.86,16.8,28.6,1.24,10.8,1011.14
Cabernet,San Carlos,65,22.42,3.52,6.13,5,2023-03-21,20.34,16.13,26.09,2.19,10.17,1013.51
Cabernet,San Carlos,70,24.41,3.53,6.25,0,2023-03-26,18.57,15.36,24.71,2.86,9.66,1016.14
Malbec,Drummond,15,13.77,3.11,10.03,33,2024-01-30,27.89,19.51,33.66,0.19,11.61,1010.56
Malbec,Drummond,20,16.59,3.18,9.65,28,2024-02-04,29.11,21.26,35.09,0.66,12.33,1010.73
Malbec,Drummond,25,17.21,3.32,9.22,23,2024-02-09,27.37,20.81,33.73,1.41,13.44,1010.07
Malbec,Drummond,30,19.34,3.23,8.31,18,2024-02-14,24.6,19.79,29.16,2.01,13.39,1012.81
Malbec,Drummond,35,20.59,3.38,7.82,13,2024-02-19,25.0,17.56,31.11,5.24,13.16,1014.54
Malbec,Drummond,40,21.7,3.38,6.49,8,2024-02-24,25.09,18.46,30.79,4.9,13.37,1011.56
Malbec,Drummond,48,23.76,3.77,3.99,0,2024-03-04,24.13,18.74,28.26,0.74,10.7,1013.14
Cabernet,Agrelo,15,13.66,3.06,10.71,41,2024-01-30,27.39,19.01,33.16,0.19,11.61,1010.56
Cabernet,Agrelo,20,14.83,3.14,9.81,36,2024-02-04,28.61,20.76,34.59,0.66,12.33,1010.73
Cabernet,Agrelo,25,16.81,3.23,8.9,31,2024-02-09,26.87,20.31,33.23,1.41,13.44,1010.07
Cabernet,Agrelo,30,17.73,3.22,8.14,26,2024-02-14,24.1,19.29,28.66,2.01,13.39,1012.81
Cabernet,Agrelo,35,19.5,3.34,8.23,21,2024-02-19,24.5,17.06,30.61,5.24,13.16,1014.54
Cabernet,Agrelo,40,19.83,3.43,8.64,16,2024-02-24,24.59,17.96,30.29,4.9,13.37,1011.56
Cabernet,Agrelo,45,21.47,3.35,7.13,11,2024-03-01,22.96,16.73,27.03,0.8,10.56,1014.89
Cabernet,Agrelo,50,22.72,3.33,6.74,6,2024-03-06,22.83,17.41,28.11,0.56,11.07,1014.09
Cabernet,Agrelo,56,23.97,3.56,6.47,0,2024-03-12,23.64,17.91,29.24,0.03,11.23,1009.76
Cabernet,Agrelo,15,13.34,3.11,10.25,49,2024-01-30,27.39,19.01,33.16,0.19,11.61,1010.56
Cabernet,Agrelo,20,14.38,3.13,10.09,44,2024-02-04,28.61,20.76,34.59,0.66,12.33,1010.73
Cabernet,Agrelo,25,15.67,3.14,9.55,39,2024-02-09,26.87,20.31,33.23,1.41,13.44,1010.07
Cabernet,Agrelo,30,15.66,3.22,9.16,34,2024-02-14,24.1,19.29,28.66,2.01,13.39,1012.81
Cabernet,Agrelo,35,17.77,3.29,8.99,29,2024-02-19,24.5,17.06,30.61,5.24,13.16,1014.54
Cabernet,Agrelo,40,17.98,3.24,8.41,24,2024-02-24,24.59,17.96,30.29,4.9,13.37,1011.56
Cabernet,Agrelo,45,18.82,3.36,7.43,19,2024-03-01,22.96,16.73,27.03,0.8,10.56,1014.89
Cabernet,Agrelo,50,21.72,3.4,7.25,14,2024-03-06,22.83,17.41,28.11,0.56,11.07,1014.09
Cabernet,Agrelo,55,22.65,3.38,6.58,9,2024-03-11,22.99,16.96,29.21,0.03,10.73,1010.87
Cabernet,Agrelo,64,23.49,3.43,6.39,0,2024-03-20,22.01,16.43,28.1,0.0,11.31,1008.96
Syrah,Agrelo,15,14.36,3.14,9.9,36,2024-01-30,27.39,19.01,33.16,0.19,11.61,1010.56
Syrah,Agrelo,20,15.39,3.31,9.73,31,2024-02-04,28.61,20.76,34.59,0.66,12.33,1010.73
Syrah,Agrelo,25,17.31,3.34,9.4,26,2024-02-09,26.87,20.31,33.23,1.41,13.44,1010.07
Syrah,Agrelo,30,18.01,3.23,8.46,21,2024-02-14,24.1,19.29,28.66,2.01,13.39,1012.81
Syrah,Agrelo,35,19.32,3.27,7.95,16,2024-02-19,24.5,17.06,30.61,5.24,13.16,1014.54
Syrah,Agrelo,40,21.11,3.48,7.19,11,2024-02-24,24.59,17.96,30.29,4.9,13.37,1011.56
Syrah,Agrelo,45,22.49,3.41,6.97,6,2024-03-01,22.96,16.73,27.03,0.8,10.56,1014.89
Syrah,Agrelo,51,24.7,3.57,6.67,0,2024-03-07,22.57,16.93,27.57,0.53,10.79,1013.87
Cabernet,Drummond,15,13.88,3.29,10.05,42,2024-01-30,27.89,19.51,33.66,0.19,11.61,1010.56
Cabernet,Drummond,20,14.0,3.27,10.12,37,2024-02-04,29.11,21.26,35.09,0.66,12.33,1010.73
Cabernet,Drummond,25,16.23,3.29,9.12,32,2024-02-09,27.37,20.81,33.73,1.41,13.44,1010.07
Cabernet,Drummond,30,17.32,3.31,9.48,27,2024-02-14,24.6,19.79,29.16,2.01,13.39,1012.81
Cabernet,Drummond,35,18.01,3.37,8.43,22,2024-02-19,25.0,17.56,31.11,5.24,13.16,1014.54
Cabernet,Drummond,40,19.91,3.35,7.37,17,2024-02-24,25.09,18.46,30.79,4.9,13.37,1011.56
Cabernet,Drummond,45,21.53,3.36,6.94,12,2024-03-01,23.46,17.23,27.53,0.8,10.56,1014.89
Cabernet,Drummond,50,22.72,3.48,6.76,7,2024-03-06,23.33,17.91,28.61,0.56,11.07,1014.09
Cabernet,Drummond,57,24.05,3.55,6.6,0,2024-03-13,24.71,18.99,30.43,0.07,11.6,1008.61
Cabernet,Agrelo,15,14.69,3.15,10.66,38,2024-01-30,27.39,19.01,33.16,0.19,11.61,1010.56
Cabernet,Agrelo,20,14.56,3.2,9.78,33,2024-02-04,28.61,20.76,34.59,0.66,12.33,1010.73
Cabernet,Agrelo,25,16.29,3.25,9.63,28,2024-02-09,26.87,20.31,33.23,1.41,13.44,1010.07
Cabernet,Agrelo,30,17.58,3.33,8.27,23,2024-02-14,24.1,19.29,28.66,2.01,13.39,1012.81
Cabernet,Agrelo,35,20.3,3.37,8.56,18,2024-02-19,24.5,17.06,30.61,5.24,13.16,1014.54
Cabernet,Agrelo,40,20.9,3.4,7.71,13,2024-02-24,24.59,17.96,30.29,4.9,13.37,1011.56
Cabernet,Agrelo,45,21.82,3.34,7.04,8,2024-03-01,22.96,16.73,27.03,0.8,10.56,1014.89
Cabernet,Agrelo,53,22.83,3.42,6.53,0,2024-03-09,22.76,16.26,27.9,0.06,10.86,1012.13
Cabernet,Drummond,15,13.45,3.1,10.44,42,2024-01-30,27.89,19.51,33.66,0.19,11.61,1010.56
Cabernet,Drummond,20,14.74,3.18,10.26,37,2024-02-04,29.11,21.26,35.09,0.66,12.33,1010.73
Cabernet,Drummond,25,15.94,3.15,9.16,32,2024-02-09,27.37,20.81,33.73,1.41,13.44,1010.07
Cabernet,Drummond,30,17.66,3.3,8.96,27,2024-02-14,24.6,19.79,29.16,2.01,13.39,1012.81
Cabernet,Drummond,35,19.25,3.3,8.93,22,2024-02-19,25.0,17.56,31.11,5.24,13.16,1014.54
Cabernet,Drummond,40,20.23,3.22,8.33,17,2024-02-24,25.09,18.46,30.79,4.9,13.37,1011.56
Cabernet,Drummond,45,20.67,3.34,7.42,12,2024-03-01,23.46,17.23,27.53,0.8,10.56,1014.89
Cabernet,Drummond,50,21.41,3.4,7.2,7,2024-03-06,23.33,17.91,28.61,0.56,11.07,1014.09
Cabernet,Drummond,57,23.79,3.52,6.01,0,2024-03-13,24.71,18.99,30.43,0.07,11.6,1008.61
Malbec,Drummond,15,13.9,3.14,10.0,30,2024-01-30,27.89,19.51,33.66,0.19,11.61,1010.56
Malbec,Drummond,20,16.7,3.17,9.08,25,2024-02-04,29.11,21.26,35.09,0.66,12.33,1010.73
Malbec,Drummond,25,18.34,3.26,8.43,20,2024-02-09,27.37,20.81,33.73,1.41,13.44,1010.07
Malbec,Drummond,30,19.7,3.31,8.31,15,2024-02-14,24.6,19.79,29.16,2.01,13.39,1012.81
Malbec,Drummond,35,20.56,3.38,7.62,10,2024-02-19,25.0,17.56,31.11,5.24,13.16,1014.54
Malbec,Drummond,40,22.33,3.48,6.65,5,2024-02-24,25.09,18.46,30.79,4.9,13.37,1011.56
Malbec,Drummond,45,23.76,3.77,3.99,0,2024-03-01,23.46,17.23,27.53,0.8,10.56,1014.89
Syrah,San Carlos,15,13.57,3.17,10.7,53,2024-01-30,27.1,19.87,33.7,0.19,13.46,1010.24
Syrah,San Carlos,20,14.22,3.12,10.14,48,2024-02-04,28.16,21.5,34.13,0.23,12.89,1010.61
Syrah,San Carlos,25,15.45,3.24,9.75,43,2024-02-09,27.34,20.99,32.9,0.19,15.03,1010.14
Syrah,San Carlos,30,15.95,3.22,9.53,38,2024-02-14,22.43,17.74,27.44,2.8,13.73,1012.94
Syrah,San Carlos,35,16.48,3.14,8.75,33,2024-02-19,22.34,16.29,28.66,0.81,13.91,1014.5
Syrah,San Carlos,40,17.62,3.27,8.43,28,2024-02-24,22.37,17.37,27.91,3.77,12.94,1011.71
Syrah,San Carlos,45,19.04,3.4,8.13,23,2024-03-01,20.04,15.34,25.21,1.87,10.23,1015.03
Syrah,San Carlos,50,20.44,3.4,7.25,18,2024-03-06,20.69,15.79,26.21,1.8,11.1,1014.16
Syrah,San Carlos,55,21.84,3.4,7.35,13,2024-03-11,20.67,14.76,27.44,0.5,11.39,1010.93
Syrah,San Carlos,60,21.82,3.36,6.95,8,2024-03-16,20.99,15.19,27.77,0.26,13.0,1009.87
Syrah,San Carlos,68,23.57,3.43,6.0,0,2024-03-24,18.86,11.51,26.91,0.0,13.31,1010.59
Malbec,San Carlos,15,14.38,3.12,10.54,40,2024-01-30,27.1,19.87,33.7,0.19,13.46,1010.24
Malbec,San Carlos,20,14.82,3.17,9.83,35,2024-02-04,28.16,21.5,34.13,0.23,12.89,1010.61
Malbec,San Carlos,25,15.86,3.26,9.12,30,2024-02-09,27.34,20.99,32.9,0.19,15.03,1010.14
Malbec,San Carlos,30,17.52,3.22,7.96,25,2024-02-14,22.43,17.74,27.44,2.8,13.73,1012.94
Malbec,San Carlos,35,18.81,3.44,8.42,20,2024-02-19,22.34,16.29,28.66,0.81,13.91,1014.5
Malbec,San Carlos,40,20.17,3.35,7.64,15,2024-02-24,22.37,17.37,27.91,3.77,12.94,1011.71
Malbec,San Carlos,45,21.73,3.35,7.43,10,2024-03-01,20.04,15.34,25.21,1.87,10.23,1015.03
Malbec,San Carlos,50,23.08,3.49,6.68,5,2024-03-06,20.69,15.79,26.21,1.8,11.1,1014.16
Malbec,San Carlos,55,25.57,3.84,3.67,0,2024-03-11,20.67,14.76,27.44,0.5,11.39,1010.93
Cabernet,Agrelo,15,13.8,3.21,10.02,41,2024-01-30,27.39,19.01,33.16,0.19,11.61,1010.56
Cabernet,Agrelo,20,14.27,3.19,9.87,36,2024-02-04,28.61,20.76,34.59,0.66,12.33,1010.73
Cabernet,Agrelo,25,16.34,3.24,9.25,31,2024-02-09,26.87,20.31,33.23,1.41,13.44,1010.07
Cabernet,Agrelo,30,18.24,3.19,8.54,26,2024-02-14,24.1,19.29,28.66,2.01,13.39,1012.81
Cabernet,Agrelo,35,18.7,3.23,8.2,21,2024-02-19,24.5,17.06,30.61,5.24,13.16,1014.54
Cabernet,Agrelo,40,20.83,3.36,7.78,16,2024-02-24,24.59,17.96,30.29,4.9,13.37,1011.56
Cabernet,Agrelo,45,20.62,3.37,7.07,11,2024-03-01,22.96,16.73,27.03,0.8,10.56,1014.89
Cabernet,Agrelo,50,22.34,3.51,6.81,6,2024-03-06,22.83,17.41,28.11,0.56,11.07,1014.09
Cabernet,Agrelo,56,23.19,3.5,6.26,0,2024-03-12,23.64,17.91,29.24,0.03,11.23,1009.76
Syrah,Drummond,15,14.32,3.19,10.55,41,2024-01-30,27.89,19.51,33.66,0.19,11.61,1010.56
Syrah,Drummond,20,14.92,3.2,9.95,36,2024-02-04,29.11,21.26,35.09,0.66,12.33,1010.73
Syrah,Drummond,25,17.12,3.23,9.21,31,2024-02-09,27.37,20.81,33.73,1.41,13.44,1010.07
Syrah,Drummond,30,17.72,3.28,8.31,26,2024-02-14,24.6,19.79,29.16,2.01,13.39,1012.81
Syrah,Drummond,35,18.74,3.31,8.09,21,2024-02-19,25.0,17.56,31.11,5.24,13.16,1014.54
Syrah,Drummond,40,20.52,3.32,7.85,16,2024-02-24,25.09,18.46,30.79,4.9,13.37,1011.56
Syrah,Drummond,45,21.18,3.41,7.3,11,2024-03-01,23.46,17.23,27.53,0.8,10.56,1014.89
Syrah,Drummond,50,21.85,3.46,7.33,6,2024-03-06,23.33,17.91,28.61,0.56,11.07,1014.09
Syrah,Drummond,56,22.97,3.49,6.44,0,2024-03-12,24.14,18.41,29.74,0.03,11.23,1009.76
Malbec,Drummond,15,13.97,3.15,10.41,41,2024-01-30,27.89,19.51,33.66,0.19,11.61,1010.56
Malbec,Drummond,20,15.17,3.16,9.37,36,2024-02-04,29.11,21.26,35.09,0.66,12.33,1010.73
Malbec,Drummond,25,15.89,3.23,9.37,31,2024-02-09,27.37,20.81,33.73,1.41,13.44,1010.07
Malbec,Drummond,30,17.52,3.3,8.61,26,2024-02-14,24.6,19.79,29.16,2.01,13.39,1012.81
Malbec,Drummond,35,18.76,3.34,8.22,21,2024-02-19,25.0,17.56,31.11,5.24,13.16,1014.54
Malbec,Drummond,40,19.38,3.31,7.96,16,2024-02-24,25.09,18.46,30.79,4.9,13.37,1011.56
Malbec,Drummond,45,21.95,3.46,7.25,11,2024-03-01,23.46,17.23,27.53,0.8,10.56,1014.89
Malbec,Drummond,50,21.9,3.45,7.11,6,2024-03-06,23.33,17.91,28.61,0.56,11.07,1014.09
Malbec,Drummond,56,23.76,3.77,3.99,0,2024-03-12,24.14,18.41,29.74,0.03,11.23,1009.76
Cabernet,San Carlos,15,12.45,3.09,10.66,53,2024-01-30,27.1,19.87,33.7,0.19,13.46,1010.24
Cabernet,San Carlos,20,15.17,3.13,10.13,48,2024-02-04,28.16,21.5,34.13,0.23,12.89,1010.61
Cabernet,San Carlos,25,14.82,3.22,9.74,43,2024-02-09,27.34,20.99,32.9,0.19,15.03,1010.14
Cabernet,San Carlos,30,15.85,3.29,9.78,38,2024-02-14,22.43,17.74,27.44,2.8,13.73,1012.94
Cabernet,San Carlos,35,16.91,3.16,9.21,33,2024-02-19,22.34,16.29,28.66,0.81,13.91,1014.5
Cabernet,San Carlos,40,17.89,3.33,7.88,28,2024-02-24,22.37,17.37,27.91,3.77,12.94,1011.71
Cabernet,San Carlos,45,19.71,3.27,8.25,23,2024-03-01,20.04,15.34,25.21,1.87,10.23,1015.03
Cabernet,San Carlos,50,20.3,3.32,7.47,18,2024-03-06,20.69,15.79,26.21,1.8,11.1,1014.16
Cabernet,San Carlos,55,21.67,3.41,7.32,13,2024-03-11,20.67,14.76,27.44,0.5,11.39,1010.93
Cabernet,San Carlos,60,23.34,3.36,7.19,8,2024-03-16,20.99,15.19,27.77,0.26,13.0,1009.87
Cabernet,San Carlos,68,23.43,3.43,5.87,0,2024-03-24,18.86,11.51,26.91,0.0,13.31,1010.59
Syrah,Drummond,15,13.96,3.2,10.43,36,2024-01-30,27.89,19.51,33.66,0.19,11.61,1010.56
Syrah,Drummond,20,15.76,3.2,9.94,31,2024-02-04,29.11,21.26,35.09,0.66,12.33,1010.73
Syrah,Drummond,25,16.53,3.21,9.28,26,2024-02-09,27.37,20.81,33.73,1.41,13.44,1010.07
Syrah,Drummond,30,17.42,3.3,8.38,21,2024-02-14,24.6,19.79,29.16,2.01,13.39,1012.81
Syrah,Drummond,35,18.9,3.3,7.85,16,2024-02-19,25.0,17.56,31.11,5.24,13.16,1014.54
Syrah,Drummond,40,21.5,3.36,7.66,11,2024-02-24,25.09,18.46,30.79,4.9,13.37,1011.56
Syrah,Drummond,45,22.38,3.51,6.52,6,2024-03-01,23.46,17.23,27.53,0.8,10.56,1014.89
Syrah,Drummond,51,23.7,3.51,6.06,0,2024-03-07,23.07,17.43,28.07,0.53,10.79,1013.87
Syrah,San Carlos,15,14.77,3.17,10.42,44,2024-01-30,27.1,19.87,33.7,0.19,13.46,1010.24
Syrah,San Carlos,20,14.47,3.13,10.16,39,2024-02-04,28.16,21.5,34.13,0.23,12.89,1010.61
Syrah,San Carlos,25,16.43,3.2,9.79,34,2024-02-09,27.34,20.99,32.9,0.19,15.03,1010.14
Syrah,San Carlos,30,16.67,3.2,9.49,29,2024-02-14,22.43,17.74,27.44,2.8,13.73,1012.94
Syrah,San Carlos,35,18.6,3.37,8.18,24,2024-02-19,22.34,16.29,28.66,0.81,13.91,1014.5
Syrah,San Carlos,40,19.03,3.32,7.68,19,2024-02-24,22.37,17.37,27.91,3.77,12.94,1011.71
Syrah,San Carlos,45,21.03,3.34,7.07,14,2024-03-01,20.04,15.34,25.21,1.87,10.23,1015.03
Syrah,San Carlos,50,21.94,3.36,6.38,9,2024-03-06,20.69,15.79,26.21,1.8,11.1,1014.16
Syrah,San Carlos,59,23.12,3.38,6.64,0,2024-03-15,21.6,15.71,28.56,0.26,13.39,1009.27
Cabernet,Agrelo,15,13.77,3.21,9.79,32,2024-01-30,27.39,19.01,33.16,0.19,11.61,1010.56
Cabernet,Agrelo,20,15.77,3.23,10.05,27,2024-02-04,28.61,20.76,34.59,0.66,12.33,1010.73
Cabernet,Agrelo,25,19.0,3.3,8.75,22,2024-02-09,26.87,20.31,33.23,1.41,13.44,1010.07
Cabernet,Agrelo,30,19.2,3.36,8.07,17,2024-02-14,24.1,19.29,28.66,2.01,13.39,1012.81
Cabernet,Agrelo,35,21.32,3.38,7.68,12,2024-02-19,24.5,17.06,30.61,5.24,13.16,1014.54
Cabernet,Agrelo,40,22.25,3.45,7.15,7,2024-02-24,24.59,17.96,30.29,4.9,13.37,1011.56
Cabernet,Agrelo,47,23.1,3.45,5.93,0,2024-03-03,23.6,18.01,28.19,0.74,10.6,1013.17
Cabernet,Agrelo,15,14.84,3.22,10.58,32,2024-01-30,27.39,19.01,33.16,0.19,11.61,1010.56
Cabernet,Agrelo,20,14.89,3.2,8.86,27,2024-02-04,28.61,20.76,34.59,0.66,12.33,1010.73
Cabernet,Agrelo,25,16.23,3.27,8.69,22,2024-02-09,26.87,20.31,33.23,1.41,13.44,1010.07
Cabernet,Agrelo,30,19.09,3.34,8.54,17,2024-02-14,24.1,19.29,28.66,2.01,13.39,1012.81
Cabernet,Agrelo,35,20.45,3.52,7.62,12,2024-02-19,24.5,17.06,30.61,5.24,13.16,1014.54
Cabernet,Agrelo,40,22.84,3.31,7.3,7,2024-02-24,24.59,17.96,30.29,4.9,13.37,1011.56
Cabernet,Agrelo,47,23.31,3.38,6.38,0,2024-03-03,23.6,18.01,28.19,0.74,10.6,1013.17
Malbec,Drummond,15,14.22,3.08,10.43,33,2024-01-30,27.89,19.51,33.66,0.19,11.61,1010.56
Malbec,Drummond,20,15.84,3.28,9.44,28,2024-02-04,29.11,21.26,35.09,0.66,12.33,1010.73
Malbec,Drummond,25,17.06,3.26,8.91,23,2024-02-09,27.37,20.81,33.73,1.41,13.44,1010.07
Malbec,Drummond,30,18.42,3.29,7.88,18,2024-02-14,24.6,19.79,29.16,2.01,13.39,1012.81
Malbec,Drummond,35,19.99,3.4,7.58,13,2024-02-19,25.0,17.56,31.11,5.24,13.16,1014.54
Malbec,Drummond,40,22.17,3.41,6.57,8,2024-02-24,25.09,18.46,30.79,4.9,13.37,1011.56
Malbec,Drummond,48,23.76,3.77,3.99,0,2024-03-04,24.13,18.74,28.26,0.74,10.7,1013.14
Malbec,Drummond,15,13.98,3.14,10.36,35,2024-01-30,27.89,19.51,33.66,0.19,11.61,1010.56
Malbec,Drummond,20,15.52,3.27,9.94,30,2024-02-04,29.11,21.26,35.09,0.66,12.33,1010.73
Malbec,Drummond,25,16.41,3.28,9.46,25,2024-02-09,27.37,20.81,33.73,1.41,13.44,1010.07
Malbec,Drummond,30,18.15,3.29,8.24,20,2024-02-14,24.6,19.79,29.16,2.01,13.39,1012.81
Malbec,Drummond,35,19.55,3.27,7.4,15,2024-02-19,25.0,17.56,31.11,5.24,13.16,1014.54
Malbec,Drummond,40,21.24,3.48,7.02,10,2024-02-24,25.09,18.46,30.79,4.9,13.37,1011.56
Malbec,Drummond,45,22.28,3.54,6.27,5,2024-03-01,23.46,17.23,27.53,0.8,10.56,1014.89
Malbec,Drummond,50,23.76,3.77,3.99,0,2024-03-06,23.33,17.91,28.61,0.56,11.07,1014.09
Malbec,Drummond,15,15.04,3.1,10.07,31,2024-01-30,27.89,19.51,33.66,0.19,11.61,1010.56
Malbec,Drummond,20,16.28,3.21,9.45,26,2024-02-04,29.11,21.26,35.09,0.66,12.33,1010.73
Malbec,Drummond,25,17.71,3.23,9.19,21,2024-02-09,27.37,20.81,33.73,1.41,13.44,1010.07
Malbec,Drummond,30,19.75,3.39,8.39,16,2024-02-14,24.6,19.79,29.16,2.01,13.39,1012.81
Malbec,Drummond,35,19.86,3.43,7.63,11,2024-02-19,25.0,17.56,31.11,5.24,13.16,1014.54
Malbec,Drummond,40,21.41,3.42,6.87,6,2024-02-24,25.09,18.46,30.79,4.9,13.37,1011.56
Malbec,Drummond,46,23.76,3.77,3.99,0,2024-03-02,23.99,18.09,28.39,0.8,9.81,1013.96
Malbec,Agrelo,15,15.73,3.16,9.42,28,2024-01-30,27.39,19.01,33.16,0.19,11.61,1010.56
Malbec,Agrelo,20,16.46,3.26,9.09,23,2024-02-04,28.61,20.76,34.59,0.66,12.33,1010.73
Malbec,Agrelo,25,18.35,3.25,8.47,18,2024-02-09,26.87,20.31,33.23,1.41,13.44,1010.07
Malbec,Agrelo,30,19.93,3.36,7.33,13,2024-02-14,24.1,19.29,28.66,2.01,13.39,1012.81
Malbec,Agrelo,35,21.18,3.49,6.97,8,2024-02-19,24.5,17.06,30.61,5.24,13.16,1014.54
Malbec,Agrelo,43,25.25,3.65,4.84,0,2024-02-27,23.33,17.11,28.07,0.59,11.51,1012.96
Cabernet,San Carlos,15,14.03,3.07,9.99,47,2024-01-30,27.1,19.87,33.7,0.19,13.46,1010.24
Cabernet,San Carlos,20,14.75,3.09,9.55,42,2024-02-04,28.16,21.5,34.13,0.23,12.89,1010.61
Cabernet,San Carlos,25,16.28,3.24,9.48,37,2024-02-09,27.34,20.99,32.9,0.19,15.03,1010.14
Cabernet,San Carlos,30,16.71,3.12,9.37,32,2024-02-14,22.43,17.74,27.44,2.8,13.73,1012.94
Cabernet,San Carlos,35,17.56,3.3,7.87,27,2024-02-19,22.34,16.29,28.66,0.81,13.91,1014.5
Cabernet,San Carlos,40,19.52,3.28,7.72,22,2024-02-24,22.37,17.37,27.91,3.77,12.94,1011.71
Cabernet,San Carlos,45,19.99,3.33,7.97,17,2024-03-01,20.04,15.34,25.21,1.87,10.23,1015.03
Cabernet,San Carlos,50,21.08,3.47,7.26,12,2024-03-06,20.69,15.79,26.21,1.8,11.1,1014.16
Cabernet,San Carlos,55,22.87,3.44,7.06,7,2024-03-11,20.67,14.76,27.44,0.5,11.39,1010.93
Cabernet,San Carlos,62,22.97,3.49,6.07,0,2024-03-18,20.89,14.7,28.1,0.19,12.47,1009.33
Syrah,San Carlos,15,14.14,3.09,10.53,46,2024-01-30,27.1,19.87,33.7,0.19,13.46,1010.24
Syrah,San Carlos,20,14.99,3.16,10.11,41,2024-02-04,28.16,21.5,34.13,0.23,12.89,1010.61
Syrah,San Carlos,25,15.55,3.29,9.24,36,2024-02-09,27.34,20.99,32.9,0.19,15.03,1010.14
Syrah,San Carlos,30,16.54,3.22,9.21,31,2024-02-14,22.43,17.74,27.44,2.8,13.73,1012.94
Syrah,San Carlos,35,17.51,3.29,8.61,26,2024-02-19,22.34,16.29,28.66,0.81,13.91,1014.5
Syrah,San Carlos,40,18.83,3.34,7.76,21,2024-02-24,22.37,17.37,27.91,3.77,12.94,1011.71
Syrah,San Carlos,45,19.77,3.37,7.08,16,2024-03-01,20.04,15.34,25.21,1.87,10.23,1015.03
Syrah,San Carlos,50,20.4,3.44,7.4,11,2024-03-06,20.69,15.79,26.21,1.8,11.1,1014.16
Syrah,San Carlos,55,22.39,3.42,6.89,6,2024-03-11,20.67,14.76,27.44,0.5,11.39,1010.93
Syrah,San Carlos,61,23.2,3.42,6.31,0,2024-03-17,21.07,14.79,28.36,0.19,12.56,1009.41
Malbec,Agrelo,15,14.57,3.22,9.4,31,2024-01-30,27.39,19.01,33.16,0.19,11.61,1010.56
Malbec,Agrelo,20,15.39,3.22,9.52,26,2024-02-04,28.61,20.76,34.59,0.66,12.33,1010.73
Malbec,Agrelo,25,18.03,3.28,8.79,21,2024-02-09,26.87,20.31,33.23,1.41,13.44,1010.07
Malbec,Agrelo,30,18.94,3.41,7.76,16,2024-02-14,24.1,19.29,28.66,2.01,13.39,1012.81
Malbec,Agrelo,35,20.83,3.33,7.6,11,2024-02-19,24.5,17.06,30.61,5.24,13.16,1014.54
Malbec,Agrelo,40,21.66,3.47,6.82,6,2024-02-24,24.59,17.96,30.29,4.9,13.37,1011.56
Malbec,Agrelo,46,25.25,3.65,4.84,0,2024-03-02,23.49,17.59,27.89,0.8,9.81,1013.96
Cabernet,Drummond,15,13.39,3.04,10.15,48,2024-01-30,27.89,19.51,33.66,0.19,11.61,1010.56
Cabernet,Drummond,20,14.74,3.15,9.92,43,2024-02-04,29.11,21.26,35.09,0.66,12.33,1010.73
Cabernet,Drummond,25,15.19,3.16,9.65,38,2024-02-09,27.37,20.81,33.73,1.41,13.44,1010.07
Cabernet,Drummond,30,16.89,3.13,9.57,33,2024-02-14,24.6,19.79,29.16,2.01,13.39,1012.81
Cabernet,Drummond,35,18.45,3.16,8.99,28,2024-02-19,25.0,17.56,31.11,5.24,13.16,1014.54
Cabernet,Drummond,40,19.42,3.32,7.8,23,2024-02-24,25.09,18.46,30.79,4.9,13.37,1011.56
Cabernet,Drummond,45,20.51,3.35,7.88,18,2024-03-01,23.46,17.23,27.53,0.8,10.56,1014.89
Cabernet,Drummond,50,22.22,3.41,6.96,13,2024-03-06,23.33,17.91,28.61,0.56,11.07,1014.09
Cabernet,Drummond,55,22.05,3.4,6.89,8,2024-03-11,23.49,17.46,29.71,0.03,10.73,1010.87
Cabernet,Drummond,63,22.93,3.45,5.9,0,2024-03-19,23.24,17.61,29.33,0.04,11.83,1009.11
Malbec,Drummond,15,14.39,3.21,10.36,36,2024-01-30,27.89,19.51,33.66,0.19,11.61,1010.56
Malbec,Drummond,20,15.92,3.24,9.58,31,2024-02-04,29.11,21.26,35.09,0.66,12.33,1010.73
Malbec,Drummond,25,17.23,3.2,9.16,26,2024-02-09,27.37,20.81,33.73,1.41,13.44,1010.07
Malbec,Drummond,30,18.52,3.35,8.72,21,2024-02-14,24.6,19.79,29.16,2.01,13.39,1012.81
Malbec,Drummond,35,20.14,3.34,7.78,16,2024-02-19,25.0,17.56,31.11,5.24,13.16,1014.54
Malbec,Drummond,40,20.84,3.41,6.75,11,2024-02-24,25.09,18.46,30.79,4.9,13.37,1011.56
Malbec,Drummond,45,23.02,3.44,6.58,6,2024-03-01,23.46,17.23,27.53,0.8,10.56,1014.89
Malbec,Drummond,51,23.76,3.77,3.99,0,2024-03-07,23.07,17.43,28.07,0.53,10.79,1013.87
Malbec,San Carlos,15,14.39,3.03,10.12,38,2024-01-30,27.1,19.87,33.7,0.19,13.46,1010.24
Malbec,San Carlos,20,15.39,3.25,9.59,33,2024-02-04,28.16,21.5,34.13,0.23,12.89,1010.61
Malbec,San Carlos,25,15.67,3.27,8.98,28,2024-02-09,27.34,20.99,32.9,0.19,15.03,1010.14
Malbec,San Carlos,30,17.33,3.25,8.55,23,2024-02-14,22.43,17.74,27.44,2.8,13.73,1012.94
Malbec,San Carlos,35,18.94,3.22,8.31,18,2024-02-19,22.34,16.29,28.66,0.81,13.91,1014.5
Malbec,San Carlos,40,21.2,3.41,7.13,13,2024-02-24,22.37,17.37,27.91,3.77,12.94,1011.71
Malbec,San Carlos,45,21.79,3.42,7.09,8,2024-03-01,20.04,15.34,25.21,1.87,10.23,1015.03
Malbec,San Carlos,53,25.57,3.84,3.67,0,2024-03-09,20.83,14.9,27.54,0.43,11.29,1012.07
Malbec,San Carlos,15,12.25,3.13,10.91,48,2024-01-30,27.1,19.87,33.7,0.19,13.46,1010.24
Malbec,San Carlos,20,14.83,3.12,10.55,43,2024-02-04,28.16,21.5,34.13,0.23,12.89,1010.61
Malbec,San Carlos,25,14.94,3.26,9.29,38,2024-02-09,27.34,20.99,32.9,0.19,15.03,1010.14
Malbec,San Carlos,30,16.49,3.27,8.7,33,2024-02-14,22.43,17.74,27.44,2.8,13.73,1012.94
Malbec,San Carlos,35,18.51,3.26,8.71,28,2024-02-19,22.34,16.29,28.66,0.81,13.91,1014.5
Malbec,San Carlos,40,19.47,3.28,8.51,23,2024-02-24,22.37,17.37,27.91,3.77,12.94,1011.71
Malbec,San Carlos,45,20.82,3.32,8.13,18,2024-03-01,20.04,15.34,25.21,1.87,10.23,1015.03
Malbec,San Carlos,50,20.23,3.42,6.87,13,2024-03-06,20.69,15.79,26.21,1.8,11.1,1014.16
Malbec,San Carlos,55,22.69,3.48,7.39,8,2024-03-11,20.67,14.76,27.44,0.5,11.39,1010.93
Malbec,San Carlos,63,25.57,3.84,3.67,0,2024-03-19,20.66,14.63,27.69,0.01,12.63,1009.29
Syrah,San Carlos,15,13.8,3.06,10.6,48,2024-01-30,27.1,19.87,33.7,0.19,13.46,1010.24
Syrah,San Carlos,20,14.42,3.09,10.43,43,2024-02-04,28.16,21.5,34.13,0.23,12.89,1010.61
Syrah,San Carlos,25,15.15,3.17,9.32,38,2024-02-09,27.34,20.99,32.9,0.19,15.03,1010.14
Syrah,San Carlos,30,17.02,3.16,9.33,33,2024-02-14,22.43,17.74,27.44,2.8,13.73,1012.94
Syrah,San Carlos,35,18.3,3.3,8.88,28,2024-02-19,22.34,16.29,28.66,0.81,13.91,1014.5
Syrah,San Carlos,40,19.27,3.27,8.62,23,2024-02-24,22.37,17.37,27.91,3.77,12.94,1011.71
Syrah,San Carlos,45,19.77,3.35,7.61,18,2024-03-01,20.04,15.34,25.21,1.87,10.23,1015.03
Syrah,San Carlos,50,21.36,3.37,7.26,13,2024-03-06,20.69,15.79,26.21,1.8,11.1,1014.16
Syrah,San Carlos,55,21.6,3.49,6.96,8,2024-03-11,20.67,14.76,27.44,0.5,11.39,1010.93
Syrah,San Carlos,63,23.19,3.45,6.48,0,2024-03-19,20.66,14.63,27.69,0.01,12.63,1009.29
Cabernet,Agrelo,15,14.42,3.2,10.23,36,2024-01-30,27.39,19.01,33.16,0.19,11.61,1010.56
Cabernet,Agrelo,20,15.39,3.11,9.84,31,2024-02-04,28.61,20.76,34.59,0.66,12.33,1010.73
Cabernet,Agrelo,25,16.95,3.24,9.0,26,2024-02-09,26.87,20.31,33.23,1.41,13.44,1010.07
Cabernet,Agrelo,30,18.22,3.28,8.31,21,2024-02-14,24.1,19.29,28.66,2.01,13.39,1012.81
Cabernet,Agrelo,35,19.73,3.37,7.65,16,2024-02-19,24.5,17.06,30.61,5.24,13.16,1014.54
Cabernet,Agrelo,40,20.78,3.38,7.3,11,2024-02-24,24.59,17.96,30.29,4.9,13.37,1011.56
Cabernet,Agrelo,45,22.29,3.47,6.21,6,2024-03-01,22.96,16.73,27.03,0.8,10.56,1014.89
Cabernet,Agrelo,51,22.99,3.5,5.94,0,2024-03-07,22.57,16.93,27.57,0.53,10.79,1013.87
Syrah,Drummond,15,14.16,3.24,10.19,31,2024-01-30,27.89,19.51,33.66,0.19,11.61,1010.56
Syrah,Drummond,20,15.39,3.24,8.76,26,2024-02-04,29.11,21.26,35.09,0.66,12.33,1010.73
Syrah,Drummond,25,17.92,3.32,8.56,21,2024-02-09,27.37,20.81,33.73,1.41,13.44,1010.07
Syrah,Drummond,30,19.19,3.42,7.94,16,2024-02-14,24.6,19.79,29.16,2.01,13.39,1012.81
Syrah,Drummond,35,20.12,3.45,8.02,11,2024-02-19,25.0,17.56,31.11,5.24,13.16,1014.54
Syrah,Drummond,40,22.18,3.49,7.19,6,2024-02-24,25.09,18.46,30.79,4.9,13.37,1011.56
Syrah,Drummond,46,23.32,3.46,6.5,0,2024-03-02,23.99,18.09,28.39,0.8,9.81,1013.96
Syrah,San Carlos,15,14.59,3.18,10.53,41,2024-01-30,27.1,19.87,33.7,0.19,13.46,1010.24
Syrah,San Carlos,20,15.26,3.25,10.11,36,2024-02-04,28.16,21.5,34.13,0.23,12.89,1010.61
Syrah,San Carlos,25,16.5,3.17,10.24,31,2024-02-09,27.34,20.99,32.9,0.19,15.03,1010.14
Syrah,San Carlos,30,16.95,3.25,8.29,26,2024-02-14,22.43,17.74,27.44,2.8,13.73,1012.94
Syrah,San Carlos,35,19.02,3.32,8.48,21,2024-02-19,22.34,16.29,28.66,0.81,13.91,1014.5
Syrah,San Carlos,40,19.13,3.41,7.47,16,2024-02-24,22.37,17.37,27.91,3.77,12.94,1011.71
Syrah,San Carlos,45,21.18,3.45,7.26,11,2024-03-01,20.04,15.34,25.21,1.87,10.23,1015.03
Syrah,San Carlos,50,22.67,3.49,6.77,6,2024-03-06,20.69,15.79,26.21,1.8,11.1,1014.16
Syrah,San Carlos,56,23.58,3.48,6.17,0,2024-03-12,21.0,15.2,27.8,0.63,11.69,1009.87
Malbec,Drummond,15,13.74,3.11,10.53,37,2024-01-30,27.89,19.51,33.66,0.19,11.61,1010.56
Malbec,Drummond,20,16.19,3.22,9.74,32,2024-02-04,29.11,21.26,35.09,0.66,12.33,1010.73
Malbec,Drummond,25,16.51,3.26,8.87,27,2024-02-09,27.37,20.81,33.73,1.41,13.44,1010.07
Malbec,Drummond,30,17.11,3.37,8.24,22,2024-02-14,24.6,19.79,29.16,2.01,13.39,1012.81
Malbec,Drummond,35,19.26,3.37,8.39,17,2024-02-19,25.0,17.56,31.11,5.24,13.16,1014.54
Malbec,Drummond,40,20.9,3.32,7.29,12,2024-02-24,25.09,18.46,30.79,4.9,13.37,1011.56
Malbec,Drummond,45,21.78,3.43,7.18,7,2024-03-01,23.46,17.23,27.53,0.8,10.56,1014.89
Malbec,Drummond,52,23.76,3.77,3.99,0,2024-03-08,23.17,17.19,28.13,0.06,10.53,1012.93
Malbec,San Carlos,15,13.28,3.18,10.09,45,2024-01-30,27.1,19.87,33.7,0.19,13.46,1010.24
Malbec,San Carlos,20,14.17,3.18,10.09,40,2024-02-04,28.16,21.5,34.13,0.23,12.89,1010.61
Malbec,San Carlos,25,15.59,3.19,9.66,35,2024-02-09,27.34,20.99,32.9,0.19,15.03,1010.14
Malbec,San Carlos,30,17.42,3.2,9.11,30,2024-02-14,22.43,17.74,27.44,2.8,13.73,1012.94
Malbec,San Carlos,35,18.92,3.29,8.18,25,2024-02-19,22.34,16.29,28.66,0.81,13.91,1014.5
Malbec,San Carlos,40,18.77,3.33,8.31,20,2024-02-24,22.37,17.37,27.91,3.77,12.94,1011.71
Malbec,San Carlos,45,20.48,3.38,7.2,15,2024-03-01,20.04,15.34,25.21,1.87,10.23,1015.03
Malbec,San Carlos,50,22.16,3.36,6.85,10,2024-03-06,20.69,15.79,26.21,1.8,11.1,1014.16
Malbec,San Carlos,55,23.15,3.36,6.55,5,2024-03-11,20.67,14.76,27.44,0.5,11.39,1010.93
Malbec,San Carlos,60,25.57,3.84,3.67,0,2024-03-16,20.99,15.19,27.77,0.26,13.0,1009.87
Malbec,Agrelo,15,14.59,3.14,10.59,38,2024-01-30,27.39,19.01,33.16,0.19,11.61,1010.56
Malbec,Agrelo,20,15.1,3.1,9.46,33,2024-02-04,28.61,20.76,34.59,0.66,12.33,1010.73
Malbec,Agrelo,25,17.39,3.22,9.1,28,2024-02-09,26.87,20.31,33.23,1.41,13.44,1010.07
Malbec,Agrelo,30,17.77,3.38,9.09,23,2024-02-14,24.1,19.29,28.66,2.01,13.39,1012.81
Malbec,Agrelo,35,20.35,3.32,8.13,18,2024-02-19,24.5,17.06,30.61,5.24,13.16,1014.54
Malbec,Agrelo,40,19.81,3.45,7.12,13,2024-02-24,24.59,17.96,30.29,4.9,13.37,1011.56
Malbec,Agrelo,45,22.0,3.37,6.73,8,2024-03-01,22.96,16.73,27.03,0.8,10.56,1014.89
Malbec,Agrelo,53,25.25,3.65,4.84,0,2024-03-09,22.76,16.26,27.9,0.06,10.86,1012.13
Cabernet,San Carlos,15,12.55,3.05,10.67,62,2024-01-30,27.1,19.87,33.7,0.19,13.46,1010.24
Cabernet,San Carlos,20,14.23,3.14,10.19,57,2024-02-04,28.16,21.5,34.13,0.23,12.89,1010.61
Cabernet,San Carlos,25,14.75,3.19,10.21,52,2024-02-09,27.34,20.99,32.9,0.19,15.03,1010.14
Cabernet,San Carlos,30,14.97,3.16,9.46,47,2024-02-14,22.43,17.74,27.44,2.8,13.73,1012.94
Cabernet,San Carlos,35,16.18,3.25,9.36,42,2024-02-19,22.34,16.29,28.66,0.81,13.91,1014.5
Cabernet,San Carlos,40,17.46,3.33,9.09,37,2024-02-24,22.37,17.37,27.91,3.77,12.94,1011.71
Cabernet,San Carlos,45,18.11,3.23,8.28,32,2024-03-01,20.04,15.34,25.21,1.87,10.23,1015.03
Cabernet,San Carlos,50,18.96,3.37,8.1,27,2024-03-06,20.69,15.79,26.21,1.8,11.1,1014.16
Cabernet,San Carlos,55,19.67,3.32,7.69,22,2024-03-11,20.67,14.76,27.44,0.5,11.39,1010.93
Cabernet,San Carlos,60,21.35,3.47,7.26,17,2024-03-16,20.99,15.19,27.77,0.26,13.0,1009.87
Cabernet,San Carlos,65,21.8,3.36,7.52,12,2024-03-21,20.0,13.44,27.5,0.0,14.13,1007.96
Cabernet,San Carlos,70,22.03,3.51,6.44,7,2024-03-26,19.24,11.64,27.46,0.0,13.29,1012.31
Cabernet,San Carlos,77,23.34,3.43,6.88,0,2024-04-02,19.67,12.7,27.33,0.76,10.73,1015.0